Trajectory_ID,Step_Num,Grid_0,Grid_1,Grid_2,Grid_3,Grid_4,Grid_5,Grid_6,Grid_7,Grid_8,Grid_9,Grid_10,Grid_11,Grid_12,Grid_13,Grid_14,Grid_15,Grid_16,Grid_17,Grid_18,Grid_19,Grid_20,Grid_21,Grid_22,Grid_23,Grid_24,Action_Taken
1,1,0.58,0.8,2.04,1.59,5.0,0.84,2.65,2.12,2.01,0.77,3.59,0.41,0.39,2.13,0.34,0.31,0.22,0.2,0.18,0.18,5.0,5.0,5.0,5.0,4.98,forward
1,2,0.52,1.97,1.89,2.17,0.97,0.43,0.45,0.45,1.99,1.18,0.23,0.21,0.2,0.19,0.19,1.46,4.73,4.86,0.3,0.33,4.9,4.76,4.97,2.51,4.98,forward
1,3,0.46,1.46,1.94,1.82,1.81,0.39,0.35,0.35,1.95,2.81,0.21,0.2,0.18,0.18,0.18,4.74,4.6,4.98,4.98,3.48,4.98,4.98,4.98,4.97,4.98,forward
1,4,0.51,2.21,1.94,1.83,2.03,0.36,0.35,0.34,1.9,2.95,0.21,0.2,0.19,0.18,0.18,3.01,2.94,4.98,4.38,4.27,3.24,4.38,4.86,4.74,4.98,forward
2,1,0.51,2.28,1.85,1.23,1.08,0.7,2.24,0.88,1.92,0.71,0.32,0.21,0.2,0.18,0.18,0.9,1.75,5.0,4.98,4.98,3.78,5.0,4.91,5.0,5.0,forward
2,2,0.55,2.06,1.97,1.78,2.34,0.34,0.34,0.33,1.82,2.95,0.21,0.2,0.19,0.18,0.18,0.57,4.73,4.94,4.93,4.86,1.15,4.97,4.74,4.98,4.98,forward
2,3,0.52,1.19,2.14,1.75,1.7,0.43,0.33,0.34,1.67,0.83,0.21,0.2,0.19,0.18,0.19,3.37,4.5,4.94,3.86,2.16,4.9,4.98,4.98,4.98,4.98,forward
2,4,0.53,2.05,2.12,1.74,1.65,0.38,0.33,0.34,1.23,2.84,0.21,0.2,0.18,0.18,0.18,0.56,4.03,4.91,4.82,2.01,4.88,4.86,4.98,4.98,4.98,forward
3,1,0.76,1.62,2.12,1.73,0.76,0.3,0.28,0.32,1.66,2.27,0.2,0.19,0.18,0.18,0.18,0.42,3.83,4.5,4.23,2.83,1.01,4.98,4.98,4.98,4.98,forward
3,2,0.68,1.37,2.09,1.73,0.72,0.32,0.29,0.34,0.88,2.56,0.21,0.19,0.19,0.18,0.19,1.62,3.7,4.35,1.75,0.42,3.94,4.98,4.98,4.88,4.91,forward
3,3,0.53,1.56,1.88,1.68,1.98,0.34,0.37,0.38,1.77,2.7,0.23,0.2,0.2,0.19,0.2,2.31,2.53,2.35,0.18,0.18,4.61,4.98,4.98,4.98,4.98,forward
3,4,0.56,1.32,1.87,1.64,1.3,0.32,0.34,0.35,1.76,2.51,0.21,0.2,0.19,0.18,0.19,0.61,4.23,4.82,2.9,2.53,4.6,4.98,4.98,4.96,4.98,forward
4,1,0.48,1.62,2.01,1.66,0.7,0.28,0.32,0.34,1.71,2.78,0.2,0.19,0.19,0.18,0.19,4.98,4.98,4.98,0.32,1.14,2.01,4.98,4.98,4.98,4.98,forward
4,2,0.48,1.02,2.08,1.65,0.67,0.31,0.31,0.34,1.63,2.94,0.2,0.19,0.19,0.18,0.19,1.74,4.95,4.94,3.14,0.53,1.6,4.98,4.98,4.98,4.98,forward
4,3,0.53,1.08,2.08,1.66,0.47,0.28,0.31,0.34,1.62,2.84,0.2,0.19,0.19,0.18,0.19,4.06,4.98,4.98,0.55,4.98,0.71,4.98,4.98,4.98,4.98,forward
4,4,0.52,1.57,2.06,1.61,0.63,0.28,0.32,0.33,1.56,1.91,0.2,0.19,0.19,0.18,0.19,0.8,0.73,4.97,4.64,3.76,1.22,4.98,4.98,4.98,4.98,forward
5,1,0.45,2.03,2.04,1.59,0.45,0.28,0.31,0.34,1.55,2.37,0.2,0.19,0.19,0.18,0.19,0.42,4.19,4.98,4.04,4.98,0.54,4.98,4.98,4.98,4.98,forward
5,2,0.54,1.78,2.03,1.62,0.9,0.55,0.31,0.32,1.28,2.24,0.2,0.19,0.18,0.18,0.18,0.46,4.82,2.46,3.78,1.43,3.38,4.98,4.98,4.98,4.98,forward
5,3,0.55,1.76,1.98,1.61,1.82,0.3,0.33,0.33,0.58,1.9,0.2,0.19,0.18,0.18,0.18,3.09,1.59,4.86,4.78,4.66,4.65,4.98,4.98,4.98,4.98,forward
5,4,0.6,1.71,2.0,1.61,0.68,0.32,0.33,0.38,1.38,1.98,0.21,0.19,0.18,0.18,0.19,2.36,3.75,3.76,0.96,2.54,4.17,4.98,4.98,4.82,4.9,forward
6,1,0.39,2.1,4.98,4.98,1.82,4.98,0.18,0.18,3.74,4.98,0.19,0.18,0.18,0.18,0.18,0.37,0.84,4.42,0.18,0.18,0.7,4.98,4.98,3.91,4.37,left_walk
6,2,0.54,1.86,3.95,0.78,0.18,0.59,0.18,0.18,0.18,0.18,0.19,0.18,0.18,0.18,0.18,1.1,0.19,0.19,0.19,0.18,1.44,0.42,1.38,0.18,0.18,left_walk
6,3,0.57,2.02,0.18,0.18,0.18,1.16,0.18,0.18,0.18,0.18,0.18,0.18,0.18,0.18,0.18,2.65,0.18,0.19,0.19,0.19,0.93,0.2,2.36,0.18,0.18,left_walk
6,4,0.63,0.22,0.18,0.18,0.18,2.59,0.18,0.18,0.18,0.18,0.18,0.18,0.18,0.18,0.18,0.74,0.18,0.19,0.19,0.19,0.79,0.31,0.61,0.18,0.18,left_walk
7,1,0.57,3.42,4.98,4.98,0.78,0.48,4.98,4.98,4.28,0.18,4.98,0.18,0.18,0.18,0.18,4.05,0.18,0.18,0.19,0.19,3.88,0.2,0.19,0.18,0.18,left_walk
7,2,0.74,1.58,4.98,4.98,0.18,0.41,4.98,4.98,4.98,3.81,0.49,4.96,4.81,0.18,0.18,0.69,0.26,0.18,0.18,0.18,0.5,0.5,0.18,0.18,0.18,left_walk
7,3,0.42,1.8,4.98,4.98,0.9,4.98,4.63,4.98,4.98,3.29,0.8,4.98,4.98,4.98,2.81,3.26,2.98,1.14,0.18,0.18,0.7,0.32,1.09,0.18,0.18,left_walk
7,4,0.73,0.39,4.98,4.98,4.98,4.98,4.91,4.98,4.98,3.92,2.19,4.98,4.98,4.98,4.86,2.04,2.93,4.98,4.98,0.19,0.36,0.18,1.67,0.54,0.18,left_walk
7,5,0.39,4.98,4.98,4.98,4.98,4.98,4.98,4.98,4.98,4.98,0.41,4.98,4.98,4.98,4.96,0.47,4.98,3.25,4.98,0.18,0.44,0.19,0.18,1.45,0.18,left_walk
8,1,0.61,0.77,4.98,4.98,0.39,0.43,4.85,4.98,4.98,4.98,0.42,4.98,4.98,4.96,2.37,0.67,4.02,0.18,0.18,0.18,1.01,0.19,0.18,0.18,0.18,left_walk
8,2,0.4,0.2,4.98,4.98,4.82,4.87,4.03,4.98,4.98,4.98,0.51,4.98,4.98,4.98,2.18,0.88,2.2,4.98,0.43,0.18,0.58,0.2,0.18,0.18,0.18,left_walk
8,3,1.32,3.9,4.98,4.98,4.34,4.86,4.94,4.98,4.98,1.56,0.37,4.98,4.98,4.98,4.63,0.52,4.27,4.68,4.91,0.18,0.53,0.19,0.4,0.18,0.18,left_walk
8,4,0.69,3.09,4.98,4.98,4.98,4.98,4.98,4.98,4.98,4.3,0.43,4.98,4.98,4.98,4.41,0.72,3.25,4.98,4.98,0.18,2.3,0.43,0.18,1.14,0.18,left_walk
8,5,0.51,0.82,4.98,4.98,4.98,3.46,4.54,4.98,4.98,4.98,1.15,4.98,4.98,4.98,4.08,0.56,4.38,3.73,4.98,0.18,0.45,0.2,0.22,2.45,0.18,left_walk
9,1,0.61,0.78,4.68,4.98,0.38,0.55,0.18,1.91,0.18,0.18,0.18,0.18,0.18,0.18,0.18,1.07,0.19,0.19,0.19,0.18,0.3,0.22,0.19,0.18,0.18,left_walk
9,2,0.54,3.22,4.98,4.98,2.94,0.53,4.98,4.98,4.98,1.46,3.94,0.18,0.18,0.18,0.18,0.98,0.18,0.18,0.18,0.18,2.1,0.18,0.2,0.18,0.18,left_walk
9,3,0.52,1.09,4.98,4.98,1.18,0.41,4.98,4.78,4.98,0.27,4.98,0.18,0.26,0.18,0.18,3.11,0.18,0.18,0.18,0.18,1.98,0.19,0.18,0.18,0.18,left_walk
9,4,0.54,0.41,3.67,4.98,0.18,0.46,4.98,4.98,4.98,0.22,4.91,0.25,0.37,0.21,0.18,0.75,0.23,0.18,0.18,0.18,0.34,0.21,0.19,0.18,0.18,left_walk
10,1,0.34,1.12,4.85,4.98,0.18,0.6,0.18,0.18,0.18,0.18,0.18,0.18,0.18,0.18,0.18,1.29,0.18,0.18,0.18,0.18,1.74,0.19,0.19,0.18,0.18,left_walk
10,2,2.22,1.25,4.98,4.98,1.65,0.93,4.22,4.98,4.98,0.7,0.46,4.98,4.98,4.94,4.58,0.78,2.48,2.84,0.18,0.18,0.55,1.2,0.18,0.18,0.18,left_walk
10,3,0.47,3.14,4.98,4.98,4.77,4.93,4.98,4.98,4.98,2.74,0.37,4.98,4.98,4.98,4.79,1.12,3.66,4.98,4.38,0.18,0.52,0.18,0.43,0.35,0.18,left_walk
10,4,0.5,0.32,4.98,4.98,1.65,4.51,2.53,4.98,4.98,4.74,0.43,4.98,4.98,4.98,4.95,1.18,3.63,4.98,4.38,0.18,2.0,0.19,0.18,3.83,0.18,left_walk
10,5,3.17,1.42,4.98,4.98,3.58,3.81,3.22,4.98,4.98,4.98,0.38,4.98,4.98,4.98,4.09,0.8,4.98,4.98,4.98,0.18,0.3,0.73,0.27,3.01,0.18,left_walk
