TL,TC,TR,ML,MC,MR,BL,BC,BR,Action
1,1,0.6,0.57,0.59,0.59,0.42,0.43,0.62,0.6,0.57,0.36,0.74,0.66,0.63,0.57,0.35,0.44,1.31,4.6,0.18,0.2,5.0,5.0,5.0,5.0,4.98,forward
1,2,0.9,0.37,0.53,0.53,0.52,0.57,0.22,0.58,0.54,0.33,4.23,3.35,0.18,0.18,0.18,4.78,0.71,4.98,4.98,4.98,4.94,5.0,4.98,4.93,4.98,forward
2,1,2.38,0.66,0.65,0.59,0.51,0.67,0.68,0.66,0.66,0.4,0.8,0.7,0.68,0.69,0.39,0.53,0.29,0.25,0.18,0.18,5.0,5.0,5.0,5.0,4.93,forward
2,2,1.18,0.45,0.59,0.53,0.81,0.59,0.64,0.62,0.59,0.37,0.36,0.27,0.25,0.24,0.24,2.87,2.17,0.2,0.18,0.18,5.0,5.0,4.98,4.94,3.02,forward
2,3,3.45,0.55,0.57,0.55,0.35,0.47,0.62,0.61,0.58,0.38,0.28,0.24,0.24,0.23,0.25,1.41,1.6,0.18,0.18,0.18,5.0,5.0,4.98,1.11,3.04,forward
2,4,1.33,0.53,0.56,0.55,0.24,0.63,0.61,0.59,0.58,0.39,0.28,0.24,0.23,0.23,0.24,0.75,0.93,0.18,0.18,0.18,5.0,4.71,4.98,3.26,3.53,forward
2,5,0.43,0.52,0.55,0.55,0.23,0.53,0.59,0.58,0.58,0.39,0.27,0.24,0.22,0.23,0.24,1.47,1.71,0.18,0.18,0.18,5.0,4.98,4.98,4.5,2.58,forward
2,6,0.45,0.45,0.53,0.54,0.52,0.52,0.58,0.57,0.58,0.37,0.26,0.24,0.22,0.22,0.23,1.44,3.19,0.18,0.18,0.18,5.0,4.98,4.98,2.45,3.86,forward
2,7,0.45,0.43,0.52,0.53,0.23,0.48,0.58,0.56,0.57,0.39,0.27,0.24,0.22,0.22,0.23,4.18,1.63,0.18,0.18,0.18,5.0,4.98,4.98,2.02,3.89,forward
2,8,0.74,0.39,0.52,0.52,0.3,0.48,0.57,0.56,0.56,0.39,0.26,0.24,0.22,0.22,0.23,3.79,1.06,0.18,0.18,0.18,5.0,4.98,4.98,1.01,4.66,forward
2,9,0.52,0.38,0.51,0.51,0.27,0.51,0.56,0.55,0.55,0.39,0.26,0.23,0.22,0.22,0.23,4.06,4.58,0.18,0.18,0.18,5.0,4.98,4.98,4.53,2.68,forward
2,10,0.6,0.46,0.5,0.5,0.22,0.5,0.56,0.54,0.54,0.39,0.26,0.23,0.22,0.22,0.22,0.75,1.37,0.18,0.18,0.18,5.0,4.98,4.98,3.8,3.47,forward
2,11,0.52,0.48,0.5,0.5,0.19,0.42,0.54,0.53,0.53,0.4,0.26,0.23,0.22,0.22,0.22,0.94,4.43,0.18,0.18,0.18,5.0,4.98,4.98,4.5,4.91,forward
2,12,1.33,0.48,0.49,0.49,0.28,0.38,0.54,0.52,0.52,0.4,0.26,0.23,0.22,0.22,0.22,1.23,1.49,0.18,0.18,0.18,5.0,4.98,4.98,4.48,4.89,forward
2,13,0.52,0.45,0.48,0.48,0.77,0.41,0.53,0.52,0.51,0.4,0.26,0.23,0.22,0.22,0.22,1.58,3.18,0.18,0.18,0.18,5.0,4.91,4.98,3.97,4.37,forward
2,14,0.81,0.39,0.48,0.47,0.24,0.42,0.52,0.51,0.5,0.55,0.26,0.22,0.22,0.22,0.22,0.88,4.46,0.18,0.18,0.18,5.0,4.98,4.7,4.18,4.58,forward
2,15,0.78,0.45,0.47,0.46,0.23,0.39,0.52,0.5,0.5,0.55,0.26,0.22,0.22,0.21,0.22,4.02,3.23,0.18,0.18,0.18,5.0,4.31,4.98,4.96,4.97,forward
2,16,0.43,0.4,0.46,0.46,0.18,0.48,0.51,0.49,0.49,0.53,0.26,0.22,0.22,0.21,0.22,1.46,3.74,0.18,0.18,0.18,5.0,4.98,4.98,4.78,4.62,forward
2,17,0.43,0.44,0.46,0.45,0.22,0.41,0.5,0.48,0.48,0.52,0.25,0.22,0.22,0.21,0.22,0.76,2.0,0.18,0.18,0.18,5.0,4.98,4.98,3.42,4.94,forward
2,18,1.09,0.42,0.45,0.44,0.25,0.52,0.5,0.48,0.47,0.49,0.25,0.22,0.21,0.21,0.22,4.02,4.98,0.18,0.18,0.18,5.0,4.98,4.98,4.98,4.98,forward
2,19,0.98,0.39,0.44,0.44,0.34,0.54,0.49,0.47,0.46,0.48,0.25,0.22,0.21,0.21,0.22,0.81,4.98,0.18,0.18,0.18,5.0,4.98,4.98,4.98,4.98,forward
2,20,1.21,0.32,0.44,0.43,0.28,0.51,0.48,0.47,0.46,0.46,0.25,0.22,0.21,0.21,0.22,0.76,4.98,0.18,0.18,0.18,5.0,4.98,4.98,1.31,4.98,forward
2,21,0.89,0.37,0.42,0.41,0.36,0.46,0.48,0.46,0.45,0.45,0.25,0.22,0.21,0.2,0.2,0.88,4.98,0.18,0.18,0.18,5.0,4.98,4.98,4.58,4.98,forward
2,22,0.61,0.33,0.39,0.38,0.27,0.44,0.43,0.42,0.42,0.43,0.25,0.22,0.21,0.21,0.23,1.39,3.16,0.18,0.18,0.18,5.0,4.98,4.98,3.55,4.12,forward
2,23,0.67,0.22,0.37,0.36,0.29,0.42,0.41,0.4,0.39,0.39,0.24,0.22,0.21,0.21,0.25,1.04,2.66,0.18,0.18,0.18,5.0,4.94,4.98,3.26,4.3,forward
2,24,0.65,0.23,0.34,0.34,0.25,0.42,0.39,0.37,0.36,0.37,0.24,0.22,0.21,0.21,0.24,1.78,3.2,0.18,0.18,0.18,5.0,4.98,4.98,3.84,4.34,forward
2,25,0.57,0.19,0.32,0.32,0.27,0.41,0.38,0.35,0.34,0.35,0.24,0.22,0.21,0.21,0.25,2.34,3.3,0.18,0.18,0.18,5.0,4.98,4.98,3.27,4.68,forward
2,26,3.75,0.24,0.3,0.29,0.25,0.38,0.35,0.33,0.32,0.32,0.24,0.22,0.21,0.2,0.2,1.74,3.2,0.18,0.18,0.18,5.0,4.98,4.98,4.64,4.82,forward
2,27,0.61,0.22,0.28,0.27,0.23,0.36,0.33,0.3,0.29,0.3,0.25,0.22,0.22,0.21,0.21,1.81,3.35,0.18,0.18,0.18,5.0,4.98,4.98,1.1,4.98,forward
2,28,0.55,0.28,0.25,0.25,0.23,0.32,0.29,0.27,0.27,0.27,0.27,0.24,0.22,0.2,0.2,4.63,4.29,0.18,0.18,0.18,5.0,4.98,4.98,4.96,4.91,forward
2,29,0.82,2.2,0.23,0.23,0.21,0.31,0.28,0.25,0.25,0.25,0.26,0.25,0.24,0.21,0.21,0.87,2.67,0.18,0.18,0.18,5.0,4.98,4.98,4.86,4.9,forward
2,30,0.61,0.33,0.21,0.21,0.19,0.3,0.25,0.23,0.23,0.23,0.25,0.24,0.24,0.21,0.21,3.81,4.91,0.18,0.18,0.18,5.0,4.98,4.98,4.07,3.49,forward
2,31,0.44,3.1,0.19,0.19,0.18,3.13,0.21,0.21,0.21,0.21,0.25,0.24,0.23,0.21,0.21,0.78,3.58,1.35,0.18,0.18,5.0,4.98,4.98,3.81,4.98,forward
2,32,0.72,3.02,4.98,0.7,1.71,0.59,0.2,0.18,0.18,0.18,0.22,0.21,0.2,0.2,0.2,1.7,4.93,3.78,0.18,0.18,5.0,4.97,4.98,1.94,1.27,forward
2,33,0.51,0.34,4.98,1.06,0.46,0.51,0.19,0.18,0.18,0.18,0.21,0.2,0.2,0.19,0.19,0.69,4.35,1.41,0.18,0.18,5.0,4.5,4.98,2.24,3.83,forward
2,34,0.84,0.25,4.98,4.98,4.95,0.73,0.18,0.18,0.18,0.18,0.19,0.19,0.18,0.18,0.18,0.34,0.2,0.18,0.18,0.18,4.97,4.98,4.98,4.98,0.43,forward
2,35,3.72,4.98,4.98,4.98,4.98,0.57,4.6,4.98,4.98,3.71,4.98,0.18,4.48,4.97,1.54,0.79,0.18,0.18,0.18,0.18,4.98,3.7,4.98,4.6,1.81,forward
2,36,4.97,4.98,4.98,4.98,4.98,4.85,4.95,4.98,4.98,3.63,0.74,4.98,4.98,4.98,2.5,0.81,4.98,4.98,4.98,0.2,3.98,4.98,4.98,2.55,4.1,forward
2,37,2.19,4.98,4.98,4.98,4.98,3.15,4.94,4.98,4.98,4.98,0.71,4.98,4.98,4.98,3.16,0.62,4.98,4.98,4.98,0.23,4.78,4.98,4.98,4.86,4.79,forward
2,38,3.79,3.16,4.98,4.98,4.03,4.98,3.25,4.98,4.98,4.98,4.11,4.98,4.98,4.98,4.98,0.64,3.3,4.98,4.66,0.21,1.46,4.88,4.98,0.49,0.18,left_walk
2,39,2.04,4.98,4.98,4.98,4.96,4.73,4.98,4.98,4.98,4.98,4.91,4.98,4.98,4.98,4.06,0.67,4.98,4.98,0.31,1.04,4.96,3.87,4.98,4.63,4.07,left_walk
2,40,3.12,4.94,4.98,4.98,3.38,0.69,4.78,4.98,4.98,4.86,4.94,4.98,4.98,4.98,2.52,0.39,4.04,4.98,4.98,1.14,1.09,0.81,4.95,4.47,3.55,left_walk
2,41,1.57,4.62,4.98,4.98,0.3,1.16,3.11,4.98,4.98,1.03,3.82,4.98,4.98,4.98,0.18,0.52,4.3,3.11,0.68,0.18,3.6,2.33,4.91,4.4,0.18,left_walk
2,42,0.42,4.6,4.98,4.98,4.98,1.01,4.96,4.98,4.98,4.38,0.89,4.98,4.98,2.07,0.18,1.61,4.98,4.98,1.93,0.18,4.98,1.1,4.98,0.18,0.18,left_walk
2,43,2.78,4.97,4.98,4.98,3.96,2.19,4.06,4.98,4.98,4.98,4.19,4.98,4.98,4.89,2.81,0.59,1.97,4.98,4.98,0.18,4.82,2.62,4.98,2.0,4.43,left_walk
2,44,4.96,4.98,4.98,4.98,3.51,2.27,4.98,4.98,4.98,4.98,2.84,4.98,4.98,4.98,0.93,0.57,3.93,4.98,4.98,0.18,4.92,0.21,4.56,1.98,0.3,left_walk
2,45,1.5,4.98,4.98,4.98,4.98,4.94,4.86,4.98,4.98,4.97,4.93,4.98,4.98,4.98,1.51,0.27,4.91,4.98,1.39,2.47,4.98,0.45,2.5,0.31,4.41,left_walk
2,46,2.37,2.72,4.98,4.98,4.24,2.44,3.83,4.98,4.98,4.98,3.63,4.98,4.98,4.98,3.43,1.53,4.98,4.98,1.92,0.27,4.47,0.19,3.38,3.38,1.55,left_walk
3,1,1.3,0.53,0.55,0.55,0.38,0.63,0.57,0.56,0.56,0.4,0.67,0.6,0.58,0.58,0.4,1.87,0.65,4.98,0.18,0.18,5.0,5.0,5.0,5.0,5.0,forward
3,2,0.37,0.42,0.5,0.5,0.3,0.43,0.54,0.53,0.53,0.39,0.27,0.24,0.22,0.21,0.22,0.87,0.71,0.18,0.18,0.18,5.0,4.97,4.94,4.96,4.91,forward
3,3,0.87,0.41,0.48,0.48,0.23,0.53,0.52,0.51,0.52,0.33,0.27,0.23,0.22,0.2,0.2,0.45,4.76,0.18,0.18,0.18,5.0,4.93,4.98,4.91,4.98,forward
3,4,0.54,0.36,0.45,0.45,0.24,0.48,0.5,0.48,0.49,0.4,0.27,0.23,0.22,0.21,0.24,2.39,3.61,0.18,0.18,0.18,5.0,4.98,4.98,3.76,2.63,forward
3,5,0.62,0.37,0.43,0.42,0.27,0.48,0.47,0.46,0.46,0.49,0.26,0.23,0.22,0.21,0.24,1.61,3.06,0.18,0.18,0.18,5.0,4.98,4.98,2.63,4.06,forward
3,6,0.79,0.37,0.41,0.41,0.2,0.46,0.45,0.44,0.43,0.48,0.26,0.23,0.22,0.22,0.25,2.42,2.27,0.18,0.18,0.18,5.0,4.98,4.98,1.63,4.26,forward
3,7,0.82,0.31,0.39,0.38,0.26,0.43,0.43,0.41,0.41,0.42,0.26,0.23,0.22,0.22,0.24,1.9,2.64,0.18,0.18,0.18,5.0,4.93,4.98,3.46,4.23,forward
3,8,0.62,0.26,0.35,0.35,0.28,0.43,0.39,0.38,0.38,0.39,0.25,0.23,0.22,0.21,0.24,2.36,2.41,0.18,0.18,0.18,5.0,4.98,4.98,2.76,4.02,forward
3,9,0.55,0.23,0.33,0.33,0.24,0.41,0.37,0.36,0.35,0.36,0.25,0.23,0.22,0.22,0.25,1.08,3.35,0.18,0.18,0.18,5.0,4.98,4.98,2.87,4.48,forward
3,10,2.64,0.21,0.31,0.3,0.27,0.38,0.36,0.33,0.32,0.33,0.25,0.23,0.22,0.22,0.25,1.64,3.26,0.18,0.18,0.18,5.0,4.79,4.98,2.82,2.93,forward
3,11,1.08,0.22,0.28,0.28,0.26,0.35,0.3,0.29,0.3,0.28,0.33,0.28,0.27,0.25,0.27,1.4,1.62,0.18,0.18,0.18,5.0,4.98,4.95,0.71,0.71,forward
3,12,0.99,0.44,0.25,0.25,0.24,0.29,0.27,0.26,0.26,0.27,0.29,0.24,0.23,0.21,0.22,0.76,3.69,0.18,0.18,0.18,5.0,4.98,4.98,4.66,1.37,forward
3,13,0.7,2.99,0.22,0.22,0.21,0.34,0.26,0.24,0.24,0.24,0.29,0.25,0.24,0.22,0.22,0.91,2.45,0.18,0.18,0.18,5.0,4.98,4.98,2.26,2.06,forward
3,14,0.56,2.08,0.2,0.2,0.19,0.45,0.22,0.22,0.22,0.22,0.27,0.25,0.24,0.23,0.23,1.03,1.81,0.18,0.18,0.18,5.0,4.98,4.98,2.8,2.92,forward
3,15,0.45,0.97,0.18,0.18,0.18,0.51,0.22,0.2,0.19,0.19,0.24,0.23,0.22,0.22,0.22,4.42,1.24,3.95,0.18,0.18,5.0,4.98,4.98,3.58,3.68,forward
3,16,0.51,0.99,4.97,4.97,1.04,1.42,0.19,0.18,0.18,0.18,0.21,0.2,0.19,0.19,0.19,4.25,0.19,0.2,0.18,0.18,5.0,4.82,4.98,2.75,2.22,forward
3,17,0.62,4.94,4.98,4.98,4.98,0.43,4.97,4.98,4.98,4.7,1.59,0.18,3.02,2.53,0.18,0.42,0.18,0.18,0.18,0.18,5.0,4.98,4.98,1.14,1.67,forward
3,18,3.15,4.97,4.98,4.98,4.43,4.94,4.98,4.98,4.98,4.98,0.36,4.98,4.98,4.98,4.17,1.34,2.21,4.98,1.86,0.21,4.98,4.98,4.91,1.7,0.26,forward
3,19,4.98,4.98,4.98,4.98,4.73,4.98,2.63,4.98,4.98,3.78,0.66,4.98,4.98,4.98,0.2,0.53,4.98,4.91,1.15,1.04,4.98,1.12,3.74,3.89,2.18,left_walk
3,20,3.65,4.98,4.98,4.98,4.11,2.53,4.98,4.98,4.98,3.56,2.12,4.98,4.98,4.98,0.84,0.64,4.98,4.79,4.98,0.18,4.9,1.3,3.52,4.72,0.53,left_walk
3,21,0.39,0.77,4.98,4.98,4.68,2.7,2.37,4.98,4.98,1.55,0.48,4.98,4.98,4.98,0.29,0.8,4.7,3.78,1.94,0.18,0.59,4.98,4.62,1.09,0.3,left_walk
3,22,0.36,0.29,4.98,4.95,4.46,3.97,3.35,4.98,4.98,2.17,0.5,4.98,4.98,4.93,0.53,1.1,4.98,4.34,4.14,0.18,1.34,4.98,4.47,2.03,0.18,left_walk
3,23,0.41,1.56,4.98,4.98,3.29,3.45,3.19,4.98,4.98,2.78,0.43,4.91,4.98,4.98,0.19,1.18,4.98,4.6,4.63,0.2,0.74,4.98,4.98,1.3,0.18,left_walk
3,24,0.36,1.7,4.98,4.98,3.23,2.9,3.6,4.98,4.98,2.45,0.53,4.98,4.98,4.98,0.27,0.73,4.98,4.74,4.68,0.18,1.42,4.5,4.98,3.62,0.2,left_walk
3,25,1.9,0.51,4.98,4.98,2.48,4.36,2.13,4.98,4.98,3.7,1.47,4.98,4.98,4.98,1.21,0.54,4.98,4.98,2.91,0.18,1.29,3.99,3.37,1.82,0.18,left_walk
3,26,1.01,0.29,4.98,4.98,3.13,4.01,2.98,4.98,4.98,2.7,1.2,4.98,4.98,4.02,0.22,0.48,4.98,3.63,2.86,0.18,1.35,4.19,2.35,2.58,0.18,left_walk
3,27,0.36,0.34,4.98,4.86,1.03,2.65,3.8,4.98,4.98,4.74,0.45,4.76,4.98,4.98,2.71,1.07,4.98,4.98,3.1,0.18,1.53,3.59,4.88,0.32,0.21,left_walk
3,28,3.92,3.04,4.98,4.98,2.71,2.98,4.85,4.98,4.98,4.88,0.34,4.98,4.98,4.98,0.4,0.49,4.98,4.98,4.07,0.22,4.6,1.9,4.68,0.76,0.44,left_walk
4,1,0.34,0.45,0.51,0.51,0.35,0.36,0.52,0.52,0.52,0.39,0.6,0.55,0.54,0.54,0.36,0.33,0.53,0.33,0.21,0.27,3.65,5.0,5.0,5.0,4.98,forward
4,2,0.37,0.33,0.45,0.45,0.32,0.42,0.49,0.48,0.48,0.36,0.27,0.23,0.21,0.21,0.21,1.83,2.68,0.18,0.18,0.18,4.98,4.98,4.98,4.92,4.98,forward
4,3,0.71,0.25,0.42,0.42,0.26,0.5,0.46,0.45,0.46,0.44,0.26,0.23,0.22,0.2,0.2,1.72,2.29,0.18,0.18,0.18,4.98,4.97,4.98,4.49,4.91,forward
4,4,0.63,0.3,0.39,0.39,0.23,0.47,0.44,0.42,0.42,0.45,0.26,0.23,0.21,0.21,0.21,2.21,3.67,0.18,0.18,0.18,4.98,4.98,4.98,4.73,4.82,forward
4,5,0.76,0.25,0.37,0.37,0.19,0.44,0.42,0.4,0.4,0.41,0.25,0.22,0.21,0.2,0.21,0.98,4.89,0.18,0.18,0.18,4.98,4.3,4.98,4.94,4.98,forward
4,6,0.59,0.3,0.34,0.34,0.25,0.42,0.39,0.37,0.37,0.37,0.25,0.22,0.21,0.2,0.21,3.01,4.98,0.18,0.18,0.18,4.98,4.98,4.02,4.79,4.98,forward
4,7,1.64,0.45,0.33,0.32,0.18,0.38,0.37,0.35,0.34,0.34,0.26,0.22,0.21,0.21,0.21,1.75,3.82,0.18,0.18,0.18,4.98,4.98,4.98,4.95,4.98,forward
4,8,0.69,1.34,0.3,0.3,0.22,0.38,0.34,0.32,0.32,0.31,0.32,0.22,0.21,0.21,0.22,4.38,2.88,0.18,0.18,0.18,4.98,4.98,4.98,4.24,4.96,forward
4,9,0.43,0.26,0.27,0.27,0.22,0.34,0.3,0.28,0.28,0.28,0.3,0.23,0.21,0.21,0.21,3.31,3.12,0.18,0.18,0.18,4.98,4.98,4.98,4.85,3.64,forward
4,10,0.91,0.26,0.25,0.24,0.22,0.32,0.27,0.26,0.26,0.26,0.27,0.23,0.22,0.21,0.21,2.16,4.98,1.86,0.18,0.18,4.98,4.98,4.98,4.32,4.98,forward
4,11,0.73,0.78,0.23,0.22,0.2,0.3,0.27,0.25,0.24,0.24,0.25,0.22,0.22,0.21,0.22,2.23,3.96,0.18,0.18,0.18,4.98,4.98,4.98,3.1,4.97,forward
4,12,0.6,2.24,0.21,0.2,0.19,0.28,0.25,0.23,0.22,0.23,0.25,0.23,0.22,0.21,0.22,0.63,0.86,2.59,0.18,0.18,4.98,4.98,4.98,4.86,4.98,forward
4,13,0.43,4.16,0.18,0.18,0.18,0.71,0.2,0.2,0.2,0.19,0.25,0.23,0.22,0.21,0.22,4.96,3.12,3.24,0.18,0.18,4.98,4.98,4.98,4.98,4.98,forward
4,14,0.44,1.91,4.98,4.98,2.07,0.54,0.19,0.18,0.18,0.18,0.21,0.2,0.19,0.19,0.19,1.43,0.23,0.18,0.18,0.18,4.98,4.93,4.98,3.25,4.02,forward
4,15,2.71,4.82,4.98,4.98,4.82,4.03,4.89,4.98,4.98,4.98,0.54,4.98,4.98,4.78,4.11,1.84,4.77,4.94,2.3,1.36,4.98,4.98,4.98,1.05,0.19,forward
4,16,4.79,4.98,4.98,4.98,1.67,4.98,2.75,4.98,4.98,4.54,4.98,4.98,4.98,4.98,1.6,3.94,4.98,4.5,4.98,0.18,4.52,4.98,4.76,1.2,0.19,forward
4,17,3.9,4.98,4.98,4.98,4.93,1.66,4.82,4.98,4.98,4.74,4.54,4.98,4.98,4.98,4.38,0.47,4.98,4.02,4.37,0.22,2.72,4.41,4.82,1.6,0.97,forward
4,18,3.63,4.92,4.89,4.98,4.98,0.88,4.98,4.98,4.98,0.33,2.55,4.98,4.98,4.98,1.7,0.37,4.86,4.98,4.98,0.18,0.38,4.63,4.68,2.48,2.89,left_walk
4,19,1.52,4.82,4.98,4.98,4.72,4.38,4.98,4.02,4.98,0.38,4.6,4.98,4.98,4.98,0.65,0.41,4.98,2.2,2.57,0.18,0.37,1.05,4.98,1.85,2.72,left_walk
4,20,1.06,4.92,4.98,4.98,0.32,0.6,4.46,4.98,4.98,2.83,4.06,4.94,4.98,4.98,3.84,0.39,3.11,4.93,1.42,0.19,0.54,4.38,4.98,1.45,1.82,left_walk
4,21,3.14,3.41,4.98,4.98,0.26,2.81,2.54,4.98,4.98,2.47,3.22,4.5,4.98,4.98,3.56,0.48,3.7,4.98,1.34,0.18,0.65,4.7,4.98,0.4,1.22,left_walk
4,22,2.1,2.34,4.98,4.98,1.95,3.51,3.94,4.98,4.98,4.78,3.7,4.98,4.98,4.98,4.6,0.49,3.51,4.98,3.36,1.2,0.52,4.35,4.98,0.33,3.26,left_walk
4,23,2.72,4.06,4.98,4.98,2.47,3.5,3.22,4.98,4.98,4.06,3.86,4.98,4.98,4.98,2.04,0.45,4.41,4.98,2.13,0.61,0.55,4.98,4.98,2.66,3.88,left_walk
4,24,2.27,4.98,4.98,4.98,3.1,3.97,4.96,4.98,4.98,4.25,4.98,4.98,4.98,4.98,0.82,0.78,4.98,4.98,1.16,0.19,1.75,0.51,4.98,2.54,2.89,left_walk
4,25,2.98,4.98,4.98,4.98,0.98,0.26,1.21,4.98,4.98,4.91,4.9,4.98,4.98,4.89,4.97,0.47,4.85,4.98,4.58,0.18,4.89,0.22,3.69,0.29,0.2,left_walk
5,1,0.64,0.23,0.28,0.28,0.22,2.5,0.29,0.29,0.29,0.29,0.33,0.32,0.31,0.31,0.32,0.53,0.22,0.31,0.31,0.28,5.0,5.0,5.0,5.0,1.21,forward
5,2,0.79,0.37,0.25,0.25,0.24,0.59,0.28,0.27,0.27,0.28,0.32,0.27,0.26,0.21,0.21,0.88,4.98,1.75,0.18,0.18,3.99,4.22,5.0,4.68,4.98,forward
5,3,0.75,1.68,0.23,0.23,0.21,1.05,0.27,0.25,0.25,0.26,0.27,0.25,0.24,0.2,0.2,1.07,4.74,0.32,0.18,0.18,4.98,4.98,5.0,4.79,4.91,forward
5,4,0.56,3.35,0.2,0.2,0.19,0.36,0.24,0.22,0.22,0.22,0.25,0.25,0.24,0.23,0.22,3.27,1.36,2.22,0.18,0.18,4.98,4.98,5.0,3.33,4.58,forward
5,5,0.44,3.76,0.18,0.18,0.18,0.45,0.19,0.2,0.2,0.2,0.24,0.23,0.22,0.22,0.22,2.92,3.56,2.88,0.18,0.18,4.98,4.98,5.0,3.12,4.18,forward
5,6,0.44,2.72,3.67,3.32,0.48,0.48,0.18,0.18,0.18,0.18,0.21,0.2,0.19,0.19,0.19,1.76,2.58,1.48,0.78,0.18,4.98,4.98,5.0,3.54,4.56,forward
5,7,1.11,2.26,4.98,4.98,4.98,0.53,3.74,4.82,4.89,4.86,2.37,1.91,3.74,4.35,2.36,1.74,1.57,2.07,3.02,0.67,4.98,4.98,5.0,2.58,4.24,forward
5,8,2.45,3.92,4.98,4.98,4.98,3.43,4.88,4.98,4.98,4.83,3.46,4.98,4.98,4.98,2.66,1.38,4.6,4.98,4.57,0.58,2.74,4.98,4.5,1.41,3.46,forward
5,9,4.17,4.93,4.98,4.98,4.98,2.01,4.85,4.98,4.98,4.89,4.68,4.98,4.98,4.98,4.86,1.71,4.98,4.98,4.74,1.16,1.82,4.19,4.98,3.3,2.19,forward
5,10,1.51,4.98,4.98,4.98,4.98,3.38,4.98,4.98,4.98,4.98,4.98,4.98,4.98,4.98,1.08,0.33,4.98,4.98,4.98,0.31,1.25,4.98,4.89,4.98,4.74,left_walk
5,11,4.44,4.34,4.98,4.98,3.42,0.76,4.86,4.98,4.98,1.4,2.59,4.96,4.98,4.98,1.6,0.39,4.91,3.54,0.44,0.18,0.85,3.03,4.02,1.66,1.53,left_walk
5,12,1.67,1.98,4.98,4.98,0.27,3.3,2.4,4.98,4.98,0.44,3.13,4.98,4.98,4.98,0.27,0.44,3.66,3.88,2.35,0.18,0.39,4.02,4.5,0.36,0.18,left_walk
5,13,0.54,0.28,4.98,4.98,2.53,2.9,2.46,4.98,4.98,0.29,0.94,4.89,4.98,4.98,0.18,0.56,4.47,4.81,3.66,0.18,0.68,4.98,2.93,1.3,0.18,left_walk
5,14,3.76,4.82,4.98,4.98,1.56,0.41,3.82,4.98,4.98,4.98,3.74,4.98,4.98,4.79,3.28,2.19,4.01,4.98,4.94,0.19,3.41,0.36,4.98,0.93,0.95,left_walk
5,15,4.71,4.92,4.98,4.98,1.66,0.64,4.93,4.98,4.98,4.98,3.12,4.98,4.98,4.98,2.12,2.52,4.91,4.98,4.15,0.19,1.46,0.32,4.98,0.49,0.18,left_walk
6,1,4.25,0.69,0.71,0.61,0.32,0.43,0.74,0.72,0.62,0.34,0.88,0.77,0.74,0.62,0.41,0.57,4.03,0.33,0.18,0.23,5.0,5.0,5.0,5.0,2.14,forward
6,2,1.45,0.63,0.64,0.57,0.38,0.4,0.7,0.68,0.65,0.4,0.27,0.23,0.21,0.2,0.21,0.92,1.52,0.18,0.18,0.18,4.6,4.98,4.22,4.98,4.98,forward
6,3,2.92,0.6,0.61,0.59,0.37,0.58,0.68,0.66,0.64,0.39,0.25,0.22,0.21,0.2,0.2,1.15,4.58,0.18,0.18,0.18,4.98,4.96,4.98,4.9,4.96,forward
6,4,0.48,0.54,0.58,0.58,0.23,0.44,0.63,0.64,0.64,0.43,0.25,0.22,0.21,0.2,0.2,3.49,3.72,0.18,0.18,0.18,4.98,4.54,4.98,3.92,4.16,forward
6,5,2.76,0.54,0.56,0.55,0.26,0.91,0.6,0.6,0.6,0.43,0.25,0.22,0.21,0.2,0.2,1.68,3.23,0.18,0.18,0.18,4.98,4.62,4.98,4.6,4.9,forward
6,6,0.65,0.53,0.53,0.53,0.18,0.45,0.57,0.57,0.57,0.43,0.25,0.22,0.21,0.21,0.21,3.07,1.91,0.18,0.18,0.18,4.98,4.98,4.98,3.46,4.98,forward
6,7,0.96,0.48,0.51,0.51,0.19,0.62,0.57,0.55,0.55,0.43,0.26,0.22,0.21,0.22,0.22,3.54,1.89,0.18,0.18,0.18,4.98,4.98,4.98,4.48,4.59,forward
6,8,0.38,0.34,0.48,0.48,0.28,0.55,0.53,0.51,0.51,0.45,0.27,0.23,0.22,0.22,0.22,0.45,2.77,0.18,0.18,0.18,4.98,4.98,4.54,4.95,4.55,forward
6,9,0.79,0.28,0.45,0.45,0.2,0.55,0.5,0.49,0.49,0.54,0.26,0.23,0.22,0.22,0.22,3.93,3.53,0.18,0.18,0.18,4.98,4.98,4.28,4.82,4.44,forward
6,10,0.78,0.32,0.44,0.43,0.31,0.51,0.48,0.47,0.46,0.5,0.26,0.23,0.22,0.22,0.22,4.05,1.0,0.18,0.18,0.18,4.98,4.98,4.98,4.06,4.96,forward
6,11,0.72,0.38,0.41,0.41,0.25,0.49,0.45,0.44,0.43,0.46,0.26,0.23,0.22,0.21,0.22,2.27,3.18,0.18,0.18,0.18,4.98,4.98,4.98,3.82,4.93,forward
6,12,0.68,0.32,0.38,0.38,0.26,0.46,0.42,0.41,0.41,0.41,0.25,0.23,0.22,0.21,0.22,2.64,2.4,0.18,0.18,0.18,4.98,4.98,4.98,4.83,4.3,forward
6,13,0.67,0.26,0.36,0.36,0.21,0.41,0.41,0.39,0.38,0.4,0.24,0.22,0.21,0.2,0.21,0.58,4.96,0.18,0.18,0.18,4.98,4.89,4.98,3.94,4.96,forward
6,14,1.28,0.28,0.33,0.32,0.25,0.42,0.36,0.35,0.34,0.35,0.25,0.22,0.2,0.2,0.2,0.83,4.04,1.68,0.18,0.18,4.98,4.98,4.98,4.78,4.81,forward
6,15,3.48,0.26,0.31,0.31,0.27,0.41,0.34,0.33,0.32,0.33,0.3,0.23,0.24,0.24,0.26,0.89,0.44,0.18,0.18,0.18,4.98,4.98,4.98,1.84,2.23,forward
6,16,0.69,0.24,0.28,0.28,0.24,0.37,0.31,0.3,0.3,0.3,0.3,0.25,0.24,0.24,0.26,0.45,1.15,0.18,0.18,0.18,4.98,4.98,4.98,1.98,0.2,forward
6,17,0.74,0.25,0.26,0.26,0.25,0.3,0.29,0.27,0.27,0.27,0.3,0.25,0.24,0.24,0.24,1.35,4.64,0.18,0.18,0.18,4.98,4.98,4.98,0.6,4.3,forward
6,18,0.8,0.24,0.23,0.23,0.21,0.75,0.28,0.25,0.24,0.25,0.28,0.25,0.24,0.24,0.23,1.15,1.35,0.18,0.18,0.18,4.98,4.91,4.98,3.51,2.91,forward
6,19,0.66,3.48,0.21,0.21,0.19,0.58,0.25,0.23,0.22,0.23,0.26,0.24,0.22,0.2,0.2,1.17,4.16,1.66,0.18,0.18,4.98,4.98,4.98,4.51,4.98,forward
6,20,0.44,3.7,0.18,0.18,0.18,1.25,0.2,0.19,0.19,0.19,0.24,0.23,0.22,0.22,0.22,3.14,4.15,4.08,0.18,0.18,4.98,4.98,4.98,4.5,4.82,forward
6,21,0.42,2.07,0.2,0.19,0.18,0.6,0.19,0.18,0.18,0.18,0.23,0.22,0.21,0.2,0.2,0.95,0.27,4.98,0.18,0.18,4.98,4.98,4.98,4.98,4.98,forward
6,22,0.44,1.62,4.98,4.98,4.98,0.46,1.14,4.91,4.98,4.98,0.19,0.18,0.18,0.18,0.18,4.02,0.18,0.18,0.18,0.18,4.98,4.58,4.98,2.87,0.59,forward
6,23,4.3,4.98,4.98,4.98,3.25,4.09,3.66,4.98,4.98,2.11,1.17,4.98,4.98,4.98,0.19,0.39,4.94,4.98,3.09,0.2,4.98,4.98,4.98,4.14,1.02,left_walk
6,24,0.95,0.76,4.98,4.98,4.98,1.45,4.12,4.98,4.98,4.38,0.41,4.98,4.89,4.44,0.19,0.55,4.91,0.7,0.38,0.18,4.33,3.94,0.42,0.19,0.18,left_walk
6,25,0.38,0.26,4.98,4.98,0.19,0.53,4.48,4.81,4.98,4.86,0.53,0.18,0.18,0.18,0.19,0.4,0.19,0.18,0.18,0.18,4.65,1.21,1.22,0.18,0.18,left_walk
6,26,0.35,0.26,4.98,4.98,0.18,0.79,0.4,1.42,4.98,4.98,0.19,0.18,0.18,0.33,0.35,1.26,0.18,0.18,0.18,0.18,4.5,2.89,0.19,0.18,0.18,left_walk
6,27,0.35,0.44,4.98,4.98,0.65,0.62,0.19,0.19,4.98,4.68,0.19,0.18,0.18,0.19,0.19,0.71,0.18,0.18,0.18,0.18,4.98,4.34,0.19,0.18,0.18,left_walk
6,28,0.65,0.18,1.9,4.09,0.18,0.89,0.28,2.75,2.23,0.3,0.19,0.18,0.18,0.18,0.18,2.4,0.18,0.18,0.18,0.18,0.35,2.9,0.19,0.18,0.18,left_walk
6,29,0.51,0.73,4.47,4.98,0.18,1.83,0.48,0.94,1.63,4.5,0.19,0.18,0.18,0.18,0.18,2.64,0.18,0.18,0.18,0.18,4.38,2.58,3.99,0.18,0.18,left_walk
6,30,3.42,4.96,4.98,4.98,1.2,0.68,0.26,0.18,0.18,4.58,2.9,0.18,0.18,0.18,0.18,0.71,0.18,0.18,0.18,0.18,4.98,3.19,4.98,0.18,0.18,left_walk
7,1,0.62,0.52,0.54,0.55,0.26,0.57,0.56,0.55,0.55,0.35,0.65,0.59,0.58,0.54,0.34,2.08,0.22,1.9,0.18,0.21,5.0,4.89,5.0,5.0,4.98,forward
7,2,0.34,0.44,0.48,0.48,0.25,0.5,0.53,0.52,0.52,0.34,0.26,0.23,0.2,0.2,0.2,1.3,4.97,0.76,0.18,0.18,4.98,4.98,4.37,4.78,4.98,forward
7,3,0.69,0.41,0.46,0.46,0.27,0.48,0.5,0.49,0.49,0.36,0.25,0.23,0.21,0.2,0.21,2.03,2.72,0.18,0.18,0.18,4.98,4.98,4.98,3.76,4.98,forward
7,4,0.94,0.33,0.44,0.44,2.08,0.46,0.47,0.47,0.47,0.33,0.28,0.24,0.22,0.21,0.21,2.5,1.31,0.18,0.18,0.18,4.98,4.79,4.98,4.62,4.14,forward
7,5,0.74,0.33,0.42,0.42,0.2,0.48,0.45,0.44,0.45,0.34,0.27,0.24,0.22,0.21,0.21,1.93,2.94,0.18,0.18,0.18,4.98,4.95,4.98,4.76,4.74,forward
7,6,0.69,0.28,0.39,0.39,0.24,0.44,0.42,0.42,0.42,0.33,0.26,0.23,0.22,0.22,0.23,1.79,2.26,0.18,0.18,0.18,4.98,4.98,4.98,3.75,3.6,forward
7,7,0.62,0.23,0.36,0.36,0.23,0.43,0.39,0.39,0.39,0.31,0.26,0.23,0.22,0.22,0.22,3.31,1.95,0.18,0.18,0.18,4.98,4.98,4.98,3.19,4.85,forward
7,8,2.41,0.23,0.34,0.34,0.24,0.42,0.37,0.36,0.36,0.3,0.26,0.23,0.22,0.21,0.22,1.88,0.22,0.18,0.18,0.18,4.98,4.98,4.98,4.92,4.93,forward
7,9,1.32,0.28,0.32,0.32,0.22,0.4,0.35,0.34,0.34,0.31,0.26,0.23,0.22,0.21,0.22,3.12,1.12,0.18,0.18,0.18,4.98,4.98,4.98,4.85,4.91,forward
7,10,0.51,2.4,0.29,0.29,0.23,0.37,0.31,0.31,0.31,0.31,0.31,0.22,0.22,0.21,0.21,4.81,2.98,0.18,0.18,0.18,4.98,4.98,4.98,4.1,4.94,forward
7,11,0.5,0.25,0.26,0.26,0.23,0.34,0.3,0.29,0.28,0.3,0.28,0.22,0.21,0.2,0.2,1.11,4.55,0.18,0.18,0.18,4.98,4.98,4.98,4.19,4.98,forward
7,12,0.8,0.99,0.25,0.25,0.19,0.34,0.28,0.26,0.26,0.27,0.26,0.21,0.2,0.2,0.2,4.18,1.79,1.78,0.18,0.18,4.98,4.98,4.98,4.94,4.98,forward
7,13,0.81,3.06,0.23,0.23,0.21,0.3,0.27,0.25,0.25,0.25,0.25,0.22,0.21,0.2,0.2,4.09,1.79,2.99,0.18,0.18,4.98,4.98,4.98,4.93,4.98,forward
7,14,0.59,3.54,0.21,0.2,0.19,0.88,0.25,0.23,0.23,0.23,0.25,0.23,0.22,0.21,0.22,2.24,4.72,4.19,0.18,0.18,4.98,4.98,4.98,4.83,4.97,forward
7,15,0.41,1.41,0.18,0.18,0.18,2.13,0.2,0.19,0.19,0.19,0.23,0.22,0.22,0.21,0.21,3.86,2.66,4.89,0.18,0.21,4.98,4.22,4.98,4.98,4.98,forward
7,16,1.12,0.37,4.95,4.97,4.22,1.62,0.18,0.18,0.18,0.18,0.19,0.18,0.18,0.18,0.18,3.31,0.18,0.19,0.18,0.18,4.98,4.94,4.98,4.73,4.1,forward
7,17,4.82,4.19,4.98,4.98,4.95,4.73,3.42,4.98,4.98,4.98,0.99,4.98,4.98,4.98,3.1,0.85,4.63,4.98,4.89,0.19,3.9,4.86,4.98,4.58,3.43,forward
7,18,4.3,4.98,4.98,4.98,4.98,2.33,4.4,4.98,4.98,3.56,3.26,4.98,4.98,4.5,0.19,1.01,4.5,4.98,4.85,0.31,4.86,4.98,4.98,3.64,1.07,left_walk
7,19,3.58,4.74,4.98,4.98,4.54,1.78,3.82,4.98,4.98,4.58,1.99,4.98,4.98,4.98,0.37,0.63,4.95,4.98,4.78,0.18,4.69,1.2,4.86,3.48,0.29,left_walk
7,20,0.97,0.4,4.98,4.98,1.72,3.94,3.61,4.98,4.98,2.76,1.44,4.98,4.98,4.98,0.32,0.67,4.97,4.98,4.14,0.24,0.65,4.03,4.5,2.38,0.24,left_walk
7,21,0.36,0.78,4.98,4.98,3.99,2.24,1.58,4.98,4.98,1.08,0.45,4.6,4.98,4.02,0.8,0.98,4.98,4.45,4.47,0.18,0.92,3.61,4.98,1.7,0.18,left_walk
7,22,0.3,3.02,4.98,4.98,4.55,3.97,2.49,4.98,4.98,3.26,0.37,4.98,4.98,4.98,2.22,1.15,4.98,4.43,3.8,0.18,0.55,4.02,3.5,2.34,0.18,left_walk
7,23,0.51,0.67,4.98,4.98,2.19,3.07,1.22,4.98,4.98,3.55,0.35,4.98,4.98,4.98,1.54,0.91,4.98,4.6,3.8,0.18,0.45,4.51,3.89,0.71,2.18,left_walk
7,24,0.6,2.2,4.98,4.98,0.69,3.11,3.2,4.98,4.98,3.66,0.65,4.94,4.98,4.98,1.78,0.67,4.98,4.98,4.46,0.2,0.93,3.02,3.44,0.33,0.25,left_walk
7,25,1.66,1.21,4.98,4.98,1.51,3.47,3.06,4.98,4.98,4.49,0.62,4.98,4.98,4.98,1.01,0.67,4.5,4.98,2.96,0.21,1.17,4.02,4.34,0.32,2.1,left_walk
7,26,2.68,1.72,4.98,4.98,0.62,2.78,1.61,4.98,4.98,4.98,1.01,4.63,4.98,4.98,2.88,0.6,3.99,4.98,3.86,0.43,0.33,3.97,4.98,0.37,0.82,left_walk
7,27,0.68,0.27,4.98,4.98,2.22,3.88,2.46,4.98,4.98,3.31,0.56,4.68,4.98,4.98,2.13,0.6,3.1,4.98,4.06,0.19,0.35,2.42,4.02,0.33,1.62,left_walk
7,28,2.31,3.86,4.98,4.98,0.88,4.26,0.68,4.98,4.98,4.98,1.33,4.98,4.98,4.98,2.16,0.57,3.22,4.98,4.56,0.18,0.48,3.93,4.16,0.55,0.97,left_walk
7,29,1.78,3.44,4.98,4.98,0.28,3.07,2.58,4.98,4.98,4.51,3.51,4.98,4.98,4.98,2.17,0.62,3.0,4.98,4.86,0.18,1.09,3.69,4.38,0.36,2.07,left_walk
8,1,1.14,1.82,0.27,0.27,0.23,0.32,0.28,0.28,0.28,0.28,0.33,0.31,0.3,0.3,0.31,0.32,0.27,0.3,0.2,0.25,5.0,5.0,5.0,5.0,4.98,forward
8,2,0.76,0.3,0.23,0.23,0.21,0.3,0.26,0.24,0.24,0.25,0.27,0.24,0.22,0.2,0.21,0.57,4.77,2.61,0.18,0.18,5.0,5.0,5.0,4.54,4.98,forward
8,3,0.54,4.5,0.2,0.2,0.19,0.47,0.21,0.22,0.22,0.23,0.26,0.24,0.21,0.21,0.22,0.68,3.9,2.7,0.18,0.18,4.98,4.98,5.0,4.83,4.98,forward
8,4,0.43,3.41,0.18,0.18,0.18,0.97,0.2,0.2,0.2,0.2,0.24,0.23,0.21,0.2,0.21,4.47,1.59,4.98,0.76,1.35,4.98,4.98,5.0,4.98,4.98,forward
8,5,0.43,3.9,1.56,0.18,0.18,0.57,0.19,0.19,0.18,0.18,0.22,0.21,0.21,0.2,0.21,1.62,3.5,4.98,0.18,0.18,4.98,4.98,4.92,4.73,3.9,forward
8,6,0.44,1.45,4.97,4.98,2.53,1.09,0.18,1.14,0.18,0.18,0.19,0.18,0.18,0.18,0.18,1.49,0.35,0.21,0.18,0.18,4.98,4.98,4.98,3.05,2.79,forward
8,7,1.79,4.19,4.98,4.98,4.22,2.04,3.86,4.98,4.98,4.4,0.84,4.58,4.73,4.58,0.81,3.11,1.17,3.99,1.32,0.18,4.98,4.98,4.98,3.7,2.13,forward
8,8,3.57,4.86,4.98,4.98,3.74,4.96,4.7,4.98,4.98,4.69,0.98,4.98,4.98,4.98,3.0,1.75,2.43,4.98,4.14,0.73,4.65,4.97,4.38,2.37,2.45,forward
8,9,1.65,4.98,4.98,4.98,4.98,4.98,3.4,4.98,4.98,3.57,1.12,4.98,4.98,4.98,3.98,0.5,4.96,4.98,4.98,0.18,4.95,4.98,4.98,4.3,2.76,left_walk
8,10,0.51,1.35,4.98,4.98,0.4,4.79,4.35,4.98,4.98,3.84,0.34,4.98,4.98,4.98,3.14,0.6,4.97,4.98,4.36,0.18,1.82,4.52,4.34,3.69,0.36,left_walk
8,11,0.44,1.85,4.98,4.98,4.73,1.99,2.94,4.98,4.98,1.83,0.45,4.94,4.98,4.98,0.33,1.02,4.98,4.1,4.58,0.33,0.79,4.98,4.82,1.49,0.28,left_walk
8,12,0.32,0.75,4.98,4.98,3.25,4.81,1.78,4.98,4.98,2.74,0.41,4.98,4.98,4.98,1.28,0.88,4.98,4.98,4.94,0.18,0.84,4.96,4.83,1.61,0.18,left_walk
8,13,0.32,0.66,4.98,4.98,1.65,4.46,3.24,4.98,4.98,3.25,0.37,4.98,4.98,4.98,0.97,1.03,4.95,4.98,4.78,0.18,1.32,4.01,4.89,1.35,0.84,left_walk
8,14,0.35,0.25,4.98,4.89,2.58,1.8,3.26,4.98,4.98,2.6,0.42,4.98,4.98,4.98,0.27,0.79,4.98,4.79,4.4,0.18,1.28,3.87,4.44,2.33,0.18,left_walk
8,15,0.39,1.05,4.98,4.98,4.86,2.95,2.37,4.98,4.98,1.79,0.35,4.98,4.98,4.22,0.3,0.93,4.98,4.34,4.53,0.33,1.3,3.14,4.06,1.92,0.18,left_walk
8,16,0.34,2.37,4.98,4.98,4.93,3.26,2.4,4.98,4.98,1.29,0.36,4.98,4.98,4.98,0.24,1.02,4.98,4.25,2.78,0.28,1.07,3.45,3.98,2.34,0.18,left_walk
8,17,0.36,2.86,4.98,4.98,4.78,3.67,2.96,4.98,4.98,4.6,0.37,4.98,4.96,3.91,0.38,0.93,4.98,4.98,4.58,0.18,0.48,1.57,3.54,0.9,0.18,left_walk
8,18,0.34,3.44,4.98,4.98,4.47,3.29,3.51,4.98,4.98,1.22,0.37,4.98,4.98,4.46,1.64,1.16,4.98,3.74,4.54,0.18,1.39,1.39,2.9,0.31,0.18,left_walk
8,19,0.36,3.05,4.98,4.98,2.83,3.13,3.76,4.98,4.98,4.3,0.37,4.98,4.98,3.97,3.26,0.98,4.98,4.58,2.58,0.23,2.42,3.63,3.45,0.18,0.18,left_walk
9,1,4.89,0.58,0.58,0.58,0.27,0.63,0.6,0.59,0.54,0.34,0.7,0.64,0.61,0.53,0.33,1.95,0.25,2.35,0.18,0.31,5.0,5.0,4.98,5.0,4.5,forward
9,2,1.71,0.5,0.52,0.53,0.22,0.46,0.57,0.56,0.53,0.29,0.26,0.23,0.21,0.2,0.2,0.81,4.94,0.4,0.18,0.18,4.98,4.98,4.98,3.71,4.98,forward
9,3,0.66,0.47,0.5,0.5,0.28,0.46,0.55,0.53,0.53,0.34,0.25,0.22,0.22,0.21,0.23,2.64,1.79,0.18,0.18,0.18,4.98,4.98,4.98,3.81,4.54,forward
9,4,0.74,0.35,0.47,0.47,1.66,0.45,0.52,0.5,0.5,0.36,0.26,0.22,0.23,0.23,0.25,1.19,1.48,0.18,0.18,0.18,4.98,4.98,4.98,2.55,2.17,forward
9,5,0.78,0.37,0.44,0.45,0.69,0.46,0.48,0.48,0.48,0.33,0.25,0.23,0.22,0.22,0.23,2.47,1.71,0.18,0.18,0.18,4.98,4.98,4.98,3.55,4.46,forward
9,6,0.63,0.36,0.41,0.41,0.27,0.44,0.45,0.44,0.45,0.34,0.25,0.23,0.22,0.21,0.23,3.45,4.09,0.18,0.18,0.18,4.98,4.98,4.98,4.17,4.38,forward
9,7,0.65,0.29,0.39,0.39,0.29,0.44,0.42,0.41,0.42,0.34,0.25,0.23,0.22,0.22,0.24,1.79,2.9,0.18,0.18,0.18,4.98,4.98,4.98,2.97,4.55,forward
9,8,0.58,0.27,0.35,0.35,1.68,0.42,0.39,0.38,0.38,0.34,0.25,0.23,0.22,0.22,0.23,2.17,1.34,0.18,0.18,0.18,4.98,4.95,4.98,4.3,3.78,forward
9,9,0.54,0.21,0.33,0.33,0.24,0.39,0.36,0.35,0.35,0.32,0.25,0.23,0.22,0.22,0.23,2.92,0.73,0.18,0.18,0.18,4.98,4.98,4.98,4.05,4.24,forward
9,10,1.42,0.26,0.3,0.3,0.27,0.38,0.33,0.32,0.32,0.31,0.25,0.23,0.22,0.22,0.22,2.89,3.23,0.18,0.18,0.18,4.98,4.98,4.98,3.13,4.32,forward
9,11,0.52,0.63,0.28,0.28,0.28,0.36,0.32,0.3,0.3,0.31,0.25,0.22,0.21,0.22,0.23,1.61,4.54,0.18,0.18,0.18,4.98,4.98,4.98,4.06,4.5,forward
9,12,0.58,0.83,0.27,0.27,0.24,0.36,0.31,0.29,0.29,0.3,0.24,0.22,0.22,0.22,0.24,1.57,4.68,0.18,0.18,0.18,4.98,4.98,4.98,2.9,3.51,forward
9,13,1.85,0.74,0.26,0.26,0.24,0.34,0.31,0.28,0.28,0.28,0.23,0.22,0.21,0.21,0.23,3.19,4.94,0.64,0.18,0.18,4.98,4.98,4.98,2.43,4.97,forward
9,14,0.72,0.56,0.24,0.24,0.21,0.51,0.28,0.26,0.25,0.25,0.26,0.22,0.25,0.22,0.24,1.83,1.5,0.34,0.18,0.18,4.98,4.98,4.98,1.88,4.38,forward
9,15,0.7,1.52,0.22,0.22,0.2,0.3,0.26,0.23,0.23,0.23,0.26,0.24,0.24,0.24,0.25,3.8,2.37,2.51,0.18,0.18,4.98,4.98,4.98,2.09,3.54,forward
9,16,0.53,4.71,0.2,0.2,0.19,0.69,0.24,0.22,0.22,0.22,0.25,0.24,0.23,0.23,0.23,1.63,3.5,2.82,0.18,0.18,4.98,4.97,4.98,1.95,4.5,forward
9,17,0.48,4.74,0.19,0.19,0.18,0.62,0.21,0.21,0.2,0.2,0.25,0.23,0.22,0.22,0.22,2.15,4.42,2.62,0.18,0.18,4.98,4.98,4.98,3.93,4.83,forward
9,18,0.45,3.98,0.18,0.18,0.18,1.51,0.2,0.2,0.2,0.19,0.23,0.23,0.22,0.22,0.22,2.57,2.95,2.96,0.18,0.18,4.98,4.98,4.98,3.53,4.79,forward
9,19,0.4,1.94,0.78,0.92,0.18,0.56,0.2,0.18,0.18,0.18,0.22,0.21,0.2,0.2,0.2,3.47,3.67,4.88,0.18,0.18,4.98,4.98,4.98,4.47,4.74,forward
9,20,0.4,1.64,3.14,1.4,0.61,1.4,0.19,0.18,0.18,0.18,0.21,0.2,0.19,0.19,0.19,2.1,2.69,1.81,0.18,0.18,4.98,4.98,4.98,2.9,4.19,forward
9,21,0.37,1.65,4.98,4.98,3.93,4.54,0.18,0.18,0.18,0.18,0.2,0.19,0.18,0.18,0.18,3.82,3.62,2.01,0.18,0.18,4.98,4.98,4.93,2.78,3.6,forward
9,22,1.93,4.19,4.98,4.98,4.98,0.65,4.66,4.82,4.98,4.95,1.75,0.18,0.18,0.18,1.14,4.12,1.18,0.18,0.18,0.18,4.94,4.98,4.86,3.96,4.6,forward
9,23,1.59,4.66,4.98,4.98,4.22,0.59,4.6,4.98,4.98,4.98,4.38,0.18,0.54,4.98,2.82,1.85,0.25,0.18,0.78,0.18,4.94,4.98,4.98,1.98,4.34,forward
9,24,0.44,4.74,4.98,4.98,3.66,0.46,3.83,4.98,4.98,4.98,4.54,0.18,4.98,4.98,2.29,2.77,1.68,4.94,4.12,1.95,4.98,4.98,4.97,3.54,3.1,forward
9,25,3.37,4.82,4.98,4.98,3.7,0.5,4.25,4.98,4.98,4.98,0.49,4.96,4.98,4.98,2.65,2.76,4.33,4.17,3.45,0.57,4.94,4.98,4.98,4.26,4.45,forward
9,26,0.91,4.76,4.98,4.98,4.98,4.2,4.95,4.98,4.98,4.98,0.58,4.98,4.98,4.98,2.56,1.8,1.25,4.02,2.27,0.18,4.98,4.98,4.98,4.58,4.43,forward
9,27,1.72,4.98,4.98,4.98,4.66,4.98,4.98,4.98,4.98,3.78,0.52,4.98,4.98,4.98,0.94,2.93,1.7,4.98,3.62,0.18,3.49,4.98,4.98,2.59,3.47,forward
9,28,1.4,4.74,4.98,4.98,4.68,4.98,4.41,4.98,4.98,4.93,0.45,4.98,4.98,4.98,0.32,1.75,2.1,4.86,4.98,0.87,4.94,4.95,4.79,3.99,3.76,forward
9,29,3.22,4.74,4.98,4.98,4.96,2.52,4.34,4.98,4.98,4.82,3.04,4.98,4.98,4.98,3.31,1.4,4.05,4.93,4.22,2.66,3.54,4.98,4.93,3.42,3.98,forward
9,30,1.7,3.73,4.98,4.98,4.98,4.88,4.55,4.98,4.98,4.98,3.69,4.98,4.98,4.98,4.91,0.98,4.5,4.98,3.75,1.91,3.11,4.98,3.98,3.74,1.99,forward
9,31,1.29,4.98,4.98,4.98,4.98,4.98,3.25,4.98,4.98,4.89,4.68,4.98,4.98,4.98,4.94,1.55,4.6,4.98,4.4,1.6,2.42,4.86,4.5,1.43,0.74,forward
9,32,4.11,4.98,4.98,4.98,4.92,4.11,4.74,4.98,4.98,3.35,1.06,4.98,4.98,4.98,0.35,0.57,4.3,4.98,4.7,0.2,3.3,1.55,4.74,0.45,0.68,left_walk
9,33,0.35,0.3,4.98,4.98,1.31,3.93,2.22,4.98,4.98,4.97,0.44,4.68,4.98,4.97,1.15,0.78,4.98,4.98,4.02,0.18,0.65,2.21,3.51,0.38,0.33,left_walk
9,34,1.17,3.9,4.98,4.98,1.49,4.68,3.33,4.98,4.98,4.46,0.87,4.98,4.98,4.98,1.56,0.59,4.98,4.98,4.97,0.35,0.5,3.26,4.98,1.29,2.54,left_walk
9,35,4.98,4.98,4.98,4.98,3.3,0.6,4.89,4.98,4.98,1.7,4.98,4.98,4.98,4.98,0.22,0.62,2.92,4.96,4.23,0.18,4.42,2.99,4.98,0.25,0.18,left_walk
9,36,4.45,4.98,4.98,4.98,0.53,3.15,4.98,4.98,4.98,0.82,4.98,4.98,4.98,4.95,0.18,3.72,4.98,4.83,1.98,0.18,4.71,1.94,4.65,1.63,0.18,left_walk
9,37,0.76,0.93,4.98,4.86,2.58,1.95,3.58,4.98,4.98,2.67,0.62,4.98,4.98,4.98,0.18,0.83,4.98,4.22,2.84,0.18,0.38,1.86,2.63,0.49,0.18,left_walk
10,1,0.71,0.31,0.43,0.43,0.31,0.34,0.44,0.44,0.44,0.34,0.51,0.47,0.46,0.46,0.34,0.33,0.19,0.47,0.19,0.29,5.0,5.0,5.0,5.0,4.98,forward
10,2,0.7,0.32,0.39,0.39,0.26,0.44,0.42,0.41,0.42,0.34,0.26,0.22,0.21,0.2,0.21,4.12,4.4,0.18,0.18,0.18,4.98,4.98,5.0,4.98,4.95,forward
10,3,0.65,0.27,0.37,0.37,0.27,0.43,0.41,0.4,0.4,0.35,0.24,0.22,0.2,0.19,0.2,4.35,1.33,0.21,0.18,0.18,4.58,4.6,4.89,4.92,4.96,forward
10,4,0.59,0.29,0.35,0.34,0.26,0.4,0.4,0.38,0.38,0.36,0.25,0.22,0.2,0.2,0.2,3.21,1.69,0.42,0.18,0.18,4.98,4.98,4.98,4.89,4.98,forward
10,5,0.54,0.2,0.32,0.32,0.2,0.38,0.36,0.34,0.34,0.35,0.24,0.22,0.21,0.21,0.23,1.09,3.82,0.18,0.18,0.18,4.98,4.98,4.98,3.67,4.74,forward
10,6,0.53,0.28,0.29,0.29,0.27,0.35,0.34,0.32,0.32,0.32,0.23,0.22,0.21,0.2,0.23,1.08,4.47,0.18,0.18,0.18,4.98,4.98,4.98,2.67,4.94,forward
10,7,1.55,1.2,0.26,0.26,0.23,0.8,0.3,0.28,0.28,0.29,0.25,0.21,0.21,0.2,0.22,2.12,4.86,0.22,0.18,0.18,4.98,4.98,4.98,3.88,4.98,forward
10,8,0.78,3.46,0.23,0.23,0.22,1.52,0.28,0.26,0.25,0.26,0.24,0.21,0.21,0.2,0.21,3.49,3.63,0.52,0.18,0.18,4.98,4.98,4.98,3.97,4.98,forward
10,9,0.54,1.71,0.2,0.2,0.19,0.37,0.25,0.24,0.22,0.23,0.24,0.22,0.21,0.2,0.2,2.8,2.47,3.65,0.18,0.18,4.98,4.98,4.98,4.64,4.97,forward
10,10,0.41,3.98,0.18,0.18,0.18,0.61,0.22,0.21,0.2,0.19,0.22,0.21,0.21,0.2,0.2,2.38,3.68,2.5,0.18,0.18,4.98,4.98,4.98,4.35,4.78,forward
10,11,0.43,1.45,2.98,3.42,2.19,0.52,0.18,0.18,0.18,0.18,0.21,0.2,0.19,0.19,0.19,3.16,3.96,4.66,0.18,0.18,4.41,4.98,4.98,4.3,4.51,forward
10,12,1.39,4.13,4.98,4.98,4.98,0.62,3.99,4.78,4.93,4.51,1.14,0.18,0.18,0.18,0.18,1.76,0.18,0.18,0.18,0.18,4.98,4.98,4.98,4.31,4.2,forward
10,13,1.13,3.02,4.98,4.98,2.49,0.49,3.06,4.98,4.98,4.91,1.96,0.25,4.82,4.95,3.66,1.89,0.74,4.73,1.56,0.18,3.29,4.98,4.63,2.88,3.61,forward
10,14,0.43,4.96,4.98,4.98,3.88,4.97,4.98,4.98,4.98,4.98,0.64,4.98,4.98,4.98,2.65,2.3,0.2,4.95,4.18,0.19,4.98,3.54,4.98,4.3,4.78,left_walk
10,15,0.35,0.77,4.98,4.98,3.94,4.54,3.0,4.98,4.98,1.68,0.41,4.98,4.98,4.98,0.75,1.64,4.97,4.98,4.98,0.18,2.42,4.41,4.74,2.96,0.19,left_walk
10,16,0.36,1.88,4.98,4.98,4.31,3.36,3.81,4.98,4.98,3.14,0.77,4.98,4.98,4.98,0.62,1.15,4.98,4.48,4.21,0.21,1.25,4.2,4.98,1.95,0.18,left_walk
10,17,0.33,1.94,4.98,4.98,4.98,3.27,3.76,4.98,4.98,2.23,0.47,4.98,4.98,4.98,0.35,1.54,4.98,4.98,4.3,0.18,0.88,4.66,4.66,2.09,0.18,left_walk
10,18,0.37,0.26,4.98,4.98,4.57,3.35,2.65,4.98,4.98,3.58,0.98,4.68,4.98,4.02,2.09,4.89,4.98,4.98,4.27,0.18,0.31,3.1,3.02,2.48,0.18,left_walk
10,19,0.4,0.37,4.98,4.98,4.43,1.48,2.36,4.98,4.98,3.61,1.38,4.02,4.98,4.68,1.38,3.93,4.98,4.02,4.02,0.18,0.93,1.74,1.98,0.34,0.18,left_walk
10,20,0.35,0.26,4.98,4.98,0.5,1.37,1.82,4.98,4.98,2.24,4.89,0.28,0.58,0.58,2.22,3.22,0.4,0.34,0.34,0.2,0.31,2.55,0.22,0.18,0.18,left_walk
10,21,0.43,1.01,4.98,4.98,0.32,0.86,1.54,4.98,4.98,4.64,4.9,0.26,4.98,2.83,1.71,3.49,1.08,0.38,0.34,0.19,0.34,1.56,0.28,0.18,0.18,left_walk
11,1,0.33,0.47,0.5,0.5,0.5,0.35,0.5,0.53,0.53,0.32,0.24,0.23,0.26,0.52,0.37,4.94,3.45,0.19,0.2,0.32,5.0,5.0,5.0,0.27,3.42,forward
11,2,0.37,0.44,0.47,0.47,0.23,0.34,0.5,0.51,0.52,0.37,0.25,0.22,0.2,0.2,0.2,1.36,4.15,0.18,0.18,0.18,5.0,4.96,5.0,4.77,4.89,forward
11,3,0.43,0.33,0.44,0.44,0.23,0.31,0.5,0.48,0.48,0.39,0.24,0.22,0.2,0.2,0.2,2.92,4.73,0.18,0.18,0.18,5.0,4.82,5.0,4.6,4.78,forward
11,4,0.61,0.35,0.41,0.41,0.26,0.33,0.44,0.45,0.45,0.39,0.24,0.22,0.2,0.2,0.21,4.3,2.95,0.18,0.18,0.18,5.0,4.95,5.0,3.84,4.85,forward
11,5,1.02,0.3,0.39,0.39,0.26,0.31,0.44,0.42,0.42,0.4,0.23,0.22,0.21,0.2,0.28,4.25,4.58,0.18,0.18,0.18,5.0,4.89,5.0,1.53,3.81,forward
11,6,0.67,0.27,0.37,0.37,0.4,0.31,0.42,0.4,0.4,0.38,0.22,0.22,0.2,0.2,0.24,4.78,2.91,0.18,0.18,0.18,5.0,4.98,5.0,3.45,4.86,forward
11,7,0.56,0.25,0.34,0.34,0.3,0.43,0.39,0.37,0.37,0.37,0.21,0.21,0.2,0.2,0.24,2.87,4.21,0.18,0.18,0.18,5.0,4.98,4.98,4.42,4.89,forward
11,8,2.13,0.4,0.31,0.31,0.26,0.36,0.36,0.34,0.33,0.34,0.21,0.21,0.2,0.2,0.24,3.23,4.91,0.18,0.18,0.18,5.0,4.98,4.98,4.45,4.64,forward
11,9,0.52,3.68,0.28,0.28,0.24,0.34,0.33,0.31,0.3,0.3,0.22,0.21,0.2,0.2,0.24,3.01,4.97,0.23,0.18,0.18,5.0,4.98,4.98,3.93,4.92,forward
11,10,0.67,2.94,0.25,0.24,0.23,0.38,0.3,0.28,0.27,0.27,0.22,0.21,0.2,0.2,0.22,2.22,3.68,0.82,0.18,0.18,4.76,4.98,4.98,3.74,4.93,forward
11,11,0.66,2.92,0.22,0.22,0.21,0.33,0.27,0.25,0.24,0.24,0.22,0.2,0.2,0.2,0.21,3.73,4.37,0.59,0.18,0.18,4.95,4.98,4.98,4.25,4.98,forward
11,12,0.47,3.61,0.19,0.19,0.18,0.48,0.21,0.22,0.21,0.21,0.22,0.2,0.23,0.2,0.21,2.54,3.57,4.35,0.18,0.18,4.06,4.98,4.98,2.39,4.25,forward
11,13,0.5,1.95,0.18,0.18,0.18,0.56,0.21,0.2,0.19,0.19,0.21,0.2,0.21,0.2,0.21,0.87,3.56,4.34,0.94,0.18,4.98,4.98,4.98,4.34,4.56,forward
11,14,0.59,2.62,0.67,0.57,0.18,0.6,0.19,0.2,0.18,0.18,0.21,0.2,0.21,0.2,0.2,2.84,3.15,4.78,0.18,0.18,4.98,4.98,4.98,4.16,4.48,forward
11,15,0.48,2.5,2.04,2.12,0.23,0.55,0.18,0.19,0.18,0.18,0.21,0.2,0.2,0.2,0.19,1.27,1.51,2.84,0.18,0.18,4.98,4.98,4.98,1.82,4.27,forward
11,16,0.41,3.17,3.42,4.98,4.95,0.46,0.18,0.18,0.18,0.18,0.21,0.2,0.19,0.18,0.18,0.71,4.62,1.07,0.79,0.18,4.98,4.98,4.98,4.94,4.98,left_turn
11,17,0.35,0.18,2.66,4.98,0.26,0.52,0.18,0.18,2.01,4.17,0.2,0.2,0.19,0.18,0.18,0.65,0.2,0.2,0.19,0.18,4.98,3.86,4.98,0.23,0.18,left_walk
11,18,0.46,2.68,4.58,4.98,2.3,3.47,0.18,0.66,1.74,4.98,0.2,0.19,0.18,0.18,0.22,1.58,0.19,0.19,0.19,0.18,4.64,3.09,3.99,3.02,0.18,left_walk
11,19,0.46,0.36,4.7,4.98,0.42,1.76,0.18,3.96,4.98,4.98,0.19,0.18,0.18,0.18,1.87,3.13,0.19,0.18,0.18,0.18,2.71,3.18,0.22,0.18,0.18,left_walk
11,20,0.34,0.2,4.98,4.98,0.37,1.04,2.16,4.98,4.98,4.82,4.09,0.18,0.18,0.18,1.51,2.66,0.18,0.18,0.18,0.18,2.16,2.78,0.19,0.18,0.18,left_walk
11,21,0.36,3.19,4.98,4.98,1.66,1.13,3.42,4.98,4.98,2.75,1.68,3.66,2.1,0.27,0.94,2.33,2.65,0.18,0.18,0.18,1.37,3.78,0.18,0.18,0.18,left_walk
11,22,1.93,4.96,4.98,4.98,4.78,4.98,4.58,4.98,4.98,4.97,0.45,4.98,4.98,4.98,1.17,0.41,4.02,4.89,4.93,0.18,4.98,1.95,4.53,2.99,0.18,left_walk
11,23,0.38,4.42,4.98,4.98,4.98,3.46,1.52,4.98,4.98,3.72,0.38,4.98,4.98,4.95,0.89,0.62,4.66,4.06,3.99,0.18,4.89,3.55,4.38,0.18,0.18,left_walk
11,24,2.14,4.3,4.98,4.98,4.95,4.75,4.91,4.98,4.98,3.02,0.39,4.98,4.98,4.86,1.43,0.78,4.63,3.94,4.95,0.18,4.6,2.2,2.54,0.18,0.18,left_walk
11,25,2.9,4.48,4.98,4.98,4.98,4.93,4.3,4.98,4.98,4.81,0.36,4.98,4.98,4.96,0.59,0.51,3.33,1.55,0.94,0.18,4.91,2.47,3.3,0.18,0.18,left_walk
11,26,1.72,4.4,4.98,4.98,3.48,4.46,2.98,4.98,4.98,4.15,1.04,4.98,4.98,4.98,1.13,0.48,4.5,4.22,4.86,0.18,4.48,3.38,4.98,0.2,0.18,left_walk
12,1,0.45,0.39,0.43,0.43,0.21,0.41,0.45,0.45,0.46,0.37,0.22,0.22,0.25,0.48,0.33,4.98,0.22,0.19,0.2,0.3,4.98,4.98,4.98,0.18,0.19,forward
13,1,0.71,0.31,0.45,0.45,0.22,0.33,0.48,0.47,0.47,0.37,0.28,0.28,0.33,0.52,0.37,0.48,0.25,0.22,0.22,0.32,5.0,5.0,5.0,0.18,2.16,forward
13,2,0.67,0.3,0.42,0.42,0.2,0.35,0.47,0.46,0.46,0.37,0.25,0.22,0.21,0.2,0.21,0.8,4.58,0.18,0.18,0.18,5.0,4.38,5.0,3.81,4.84,forward
13,3,0.6,0.26,0.38,0.38,0.25,0.41,0.41,0.4,0.41,0.34,0.24,0.22,0.22,0.21,0.26,0.74,2.38,0.18,0.18,0.18,5.0,4.98,5.0,2.84,4.13,forward
13,4,1.13,0.21,0.32,0.32,0.23,0.38,0.37,0.35,0.35,0.33,0.24,0.22,0.21,0.2,0.24,2.81,2.97,0.18,0.18,0.18,5.0,4.94,5.0,3.58,3.93,forward
13,5,0.48,0.44,0.27,0.27,0.24,0.35,0.32,0.29,0.29,0.29,0.23,0.22,0.21,0.24,0.25,1.21,3.94,0.18,0.18,0.18,5.0,4.98,5.0,1.87,4.11,forward
13,6,1.51,1.2,0.25,0.24,0.22,0.33,0.3,0.27,0.26,0.27,0.23,0.22,0.2,0.2,0.23,1.29,3.53,0.18,0.18,0.18,5.0,4.92,5.0,2.81,4.21,forward
13,7,1.15,2.64,0.24,0.23,0.21,2.01,0.28,0.26,0.25,0.25,0.23,0.22,0.21,0.21,0.24,1.48,4.91,0.71,0.18,0.18,5.0,4.98,5.0,3.14,3.54,forward
13,8,0.73,1.54,0.22,0.21,0.2,1.93,0.27,0.24,0.23,0.23,0.23,0.21,0.2,0.21,0.23,1.94,4.76,1.14,0.18,0.18,5.0,4.98,5.0,2.12,4.29,forward
13,9,0.48,3.25,0.19,0.19,0.18,0.55,0.21,0.22,0.2,0.2,0.23,0.21,0.22,0.21,0.22,3.08,2.99,2.78,0.18,0.18,4.63,4.98,5.0,4.74,4.6,forward
13,10,0.41,1.09,0.18,1.14,0.18,0.6,0.19,0.18,0.18,0.18,0.22,0.21,0.21,0.2,0.2,1.23,0.78,0.59,0.18,0.19,4.98,4.98,4.22,2.51,0.39,forward
13,11,1.39,0.44,4.93,4.98,2.22,4.14,0.18,0.18,0.18,0.76,0.19,0.19,0.18,0.18,0.18,1.48,0.2,0.19,0.18,0.19,4.98,3.78,4.38,0.19,1.96,forward
13,12,0.79,4.84,4.98,4.98,4.98,0.51,4.71,4.96,4.95,4.58,1.73,3.02,4.48,3.99,2.53,0.82,3.02,2.53,0.18,0.18,4.98,4.14,4.98,1.06,1.07,forward
13,13,2.21,4.06,4.98,4.98,4.06,4.34,4.62,4.98,4.98,4.67,1.49,4.98,4.98,4.98,1.98,3.86,2.65,4.98,2.57,0.94,4.98,4.98,4.98,2.81,2.51,forward
13,14,3.98,3.85,4.98,4.98,4.31,4.37,4.98,4.98,4.98,4.76,2.66,4.98,4.98,4.98,3.38,3.5,2.42,4.98,3.36,0.68,4.79,4.98,4.98,3.22,1.92,left_walk
13,15,0.36,3.45,4.98,4.98,4.81,3.45,3.49,4.98,4.98,3.66,0.44,4.98,4.98,3.79,2.45,1.85,4.95,4.98,4.62,0.23,2.6,3.81,4.25,0.34,0.18,left_walk
13,16,1.3,0.26,4.98,4.98,2.74,1.5,3.48,4.98,4.98,2.71,0.95,4.98,4.98,4.98,2.55,3.13,4.98,3.2,0.42,0.18,1.46,3.89,0.43,0.18,0.18,left_walk
13,17,0.38,0.25,4.98,4.98,1.24,1.31,2.27,4.98,4.98,3.5,4.7,0.3,0.38,2.07,2.26,4.31,0.34,0.31,0.25,0.18,0.31,2.15,0.2,0.18,0.18,left_walk
14,1,0.57,0.43,0.46,0.47,0.25,0.34,0.49,0.49,0.49,0.35,0.24,0.24,0.28,0.46,0.33,2.61,3.04,0.2,0.2,0.32,5.0,4.98,5.0,0.18,4.68,forward
14,2,0.49,0.32,0.45,0.45,0.72,0.34,0.48,0.48,0.48,0.33,0.23,0.23,0.25,0.32,0.33,1.06,3.44,0.19,0.19,0.22,5.0,4.83,5.0,3.26,1.69,forward
14,3,1.14,0.35,0.42,0.42,0.3,0.32,0.45,0.45,0.45,0.34,0.22,0.22,0.22,0.22,0.27,0.84,3.34,0.18,0.18,0.18,5.0,4.1,5.0,3.3,3.82,forward
14,4,0.66,0.26,0.39,0.39,0.29,0.36,0.42,0.42,0.42,0.33,0.24,0.22,0.21,0.21,0.22,0.61,4.89,0.18,0.18,0.18,4.89,4.98,5.0,2.63,4.97,forward
14,5,0.53,0.25,0.37,0.38,0.2,0.4,0.4,0.4,0.4,0.31,0.25,0.22,0.22,0.23,0.27,0.68,1.86,0.18,0.18,0.18,4.98,4.98,5.0,0.94,4.23,forward
14,6,0.9,0.26,0.35,0.36,0.2,0.38,0.39,0.38,0.38,0.31,0.23,0.22,0.21,0.21,0.24,3.58,4.92,0.18,0.18,0.18,4.98,4.98,5.0,2.2,4.44,forward
14,7,1.28,1.23,0.33,0.34,0.22,0.37,0.38,0.35,0.36,0.3,0.23,0.21,0.2,0.21,0.25,3.8,3.95,0.18,0.18,0.18,4.98,4.98,5.0,3.67,4.62,forward
14,8,1.28,0.22,0.3,0.31,0.2,0.34,0.34,0.33,0.34,0.28,0.24,0.22,0.2,0.21,0.24,4.89,4.88,0.23,0.18,0.18,4.98,4.98,4.98,4.27,4.85,forward
14,9,0.59,0.22,0.28,0.29,0.18,0.34,0.32,0.31,0.31,0.26,0.25,0.21,0.21,0.2,0.22,4.22,3.66,0.3,0.18,0.18,4.98,4.98,4.98,4.66,4.98,forward
14,10,0.69,4.22,0.26,0.26,0.24,0.33,0.3,0.29,0.29,0.26,0.25,0.2,0.2,0.2,0.22,2.91,3.79,2.63,0.18,0.18,4.98,4.98,4.98,4.63,4.96,forward
14,11,0.61,4.35,0.24,0.24,0.25,0.3,0.28,0.27,0.27,0.26,0.24,0.2,0.2,0.2,0.22,3.8,3.84,2.57,0.18,0.18,4.98,4.98,4.98,4.48,4.6,forward
14,12,0.61,1.97,0.22,0.23,0.21,0.58,0.26,0.24,0.24,0.25,0.24,0.23,0.24,0.24,0.22,2.85,3.98,2.43,0.18,0.18,4.98,4.98,4.96,4.28,4.38,forward
14,13,0.73,3.9,0.21,0.21,0.2,1.17,0.2,0.23,0.23,0.24,0.24,0.22,0.24,0.22,0.22,3.73,3.82,4.12,0.18,0.18,4.98,4.98,4.98,4.13,4.98,forward
14,14,0.33,4.83,0.19,0.19,0.19,0.54,0.19,0.21,0.21,0.22,0.23,0.21,0.23,0.21,0.22,1.08,4.37,4.78,0.18,0.18,4.98,4.98,4.98,4.97,4.83,forward
14,15,0.5,4.98,0.18,0.18,0.18,0.49,0.18,0.19,0.19,0.19,0.21,0.21,0.21,0.21,0.22,0.58,4.98,4.98,0.18,0.18,4.98,4.98,4.98,4.98,3.88,left_walk
14,16,0.45,2.86,0.18,0.18,0.18,2.56,0.18,0.19,0.19,0.19,0.21,0.21,0.21,0.21,0.22,0.84,0.26,0.25,0.2,0.22,2.34,4.63,4.54,0.23,0.27,left_walk
14,17,0.66,0.44,0.18,0.18,0.18,1.58,0.18,0.19,0.19,0.19,0.21,0.21,0.2,0.2,0.22,4.76,0.22,0.22,0.2,0.22,4.06,4.81,1.25,0.18,0.21,left_walk
14,18,0.6,0.21,0.18,0.18,0.18,2.22,0.18,0.18,0.19,0.19,0.2,0.2,0.19,0.2,0.22,3.51,0.2,0.22,0.2,0.22,4.43,3.33,1.98,0.18,0.2,left_walk
14,19,0.6,1.14,0.18,0.18,0.18,4.28,0.18,0.18,0.18,0.19,0.19,0.18,0.18,0.19,0.21,4.94,0.2,0.21,0.2,0.22,3.75,4.74,1.22,0.18,0.19,left_walk
14,20,0.55,2.5,0.22,0.18,0.18,0.93,3.16,0.18,0.18,0.19,0.19,0.18,0.18,0.19,0.21,4.68,0.2,0.21,0.2,0.22,1.5,4.18,0.25,0.18,0.19,left_walk
14,21,2.16,4.28,4.95,4.19,0.18,0.9,0.33,0.18,0.18,0.18,0.18,0.18,0.18,0.18,0.2,2.19,0.19,0.2,0.2,0.21,4.77,3.04,3.81,0.18,0.18,left_walk
14,22,0.67,4.74,0.34,0.18,0.18,0.66,0.19,0.18,0.18,0.18,0.19,0.18,0.18,0.18,0.2,0.35,0.18,0.2,0.2,0.22,4.98,1.12,4.96,0.18,0.22,left_walk
15,1,0.27,0.4,0.44,0.44,0.52,0.48,0.45,0.45,0.45,0.38,0.46,0.45,0.47,0.47,0.4,4.59,0.26,0.25,0.24,0.39,5.0,5.0,5.0,0.18,0.19,forward
15,2,0.63,0.29,0.39,0.39,0.28,0.35,0.44,0.42,0.42,0.4,0.22,0.21,0.2,0.2,0.22,3.54,4.94,3.74,0.18,0.18,4.51,4.98,5.0,4.95,4.98,forward
15,3,0.63,0.2,0.36,0.36,0.35,0.41,0.42,0.4,0.4,0.39,0.22,0.21,0.19,0.18,0.19,1.45,4.78,4.58,0.18,0.18,4.63,4.98,5.0,4.6,4.93,forward
15,4,0.57,0.29,0.34,0.34,0.26,0.38,0.4,0.38,0.38,0.36,0.23,0.2,0.2,0.18,0.19,4.78,3.84,4.95,0.18,0.28,4.79,4.98,4.98,4.98,4.98,forward
15,5,0.5,0.43,0.31,0.31,0.26,0.37,0.35,0.33,0.33,0.34,0.24,0.2,0.19,0.18,0.19,2.28,2.84,0.31,0.18,0.18,4.68,4.98,4.98,4.98,4.98,forward
15,6,1.76,0.41,0.27,0.27,0.23,0.31,0.31,0.3,0.3,0.31,0.29,0.22,0.2,0.2,0.2,1.74,4.98,4.44,0.18,0.18,4.98,4.98,4.98,4.98,4.98,forward
15,7,1.0,0.38,0.25,0.25,0.23,0.31,0.29,0.27,0.27,0.27,0.27,0.22,0.23,0.23,0.24,2.62,2.38,0.18,0.18,0.18,4.98,4.98,4.98,1.72,4.22,forward
15,8,0.57,2.2,0.22,0.22,0.21,0.52,0.26,0.25,0.24,0.24,0.24,0.22,0.21,0.2,0.22,4.3,3.62,4.28,0.18,0.18,4.26,4.98,4.98,3.78,4.15,forward
15,9,0.77,4.22,0.2,0.2,0.19,0.38,0.22,0.21,0.21,0.21,0.24,0.22,0.23,0.22,0.23,1.67,2.72,4.55,0.18,0.18,4.98,4.98,4.98,2.73,4.35,forward
15,10,0.51,3.83,0.18,0.18,0.18,0.75,0.18,0.19,0.18,0.19,0.21,0.2,0.2,0.2,0.2,0.94,4.95,4.96,3.7,2.14,4.98,4.98,4.98,4.97,4.98,forward
15,11,0.36,3.95,1.18,0.42,0.18,3.36,0.18,0.18,0.18,0.18,0.2,0.2,0.19,0.19,0.2,2.32,4.43,4.58,4.19,0.18,4.86,4.98,4.96,4.79,4.81,forward
15,12,0.57,1.6,4.98,0.26,0.18,1.85,0.18,0.18,0.18,0.18,0.2,0.19,0.19,0.19,0.19,0.54,3.46,4.98,0.22,0.18,4.82,4.98,4.98,4.98,4.98,left_walk
15,13,0.42,2.05,4.98,4.98,4.7,0.83,0.18,0.18,4.95,4.98,0.19,0.18,0.18,0.18,0.18,0.9,0.19,0.19,0.18,0.18,4.98,4.25,4.98,0.25,0.18,left_walk
15,14,0.29,0.31,4.98,4.98,0.94,2.19,0.18,4.97,4.98,4.13,0.19,0.18,0.18,0.18,0.18,4.54,0.18,0.18,0.18,0.18,4.69,1.63,0.26,0.18,0.18,left_walk
15,15,0.55,0.3,4.98,4.98,0.62,0.6,3.83,4.98,4.98,4.89,0.19,0.18,0.18,0.18,0.18,3.98,0.18,0.18,0.18,0.18,1.15,2.42,0.2,0.18,0.18,left_walk
15,16,0.49,0.64,2.4,4.98,0.18,1.28,2.53,4.34,4.98,4.89,0.19,0.18,0.18,0.18,0.18,1.38,0.18,0.18,0.18,0.18,1.75,1.86,0.23,0.18,0.18,left_walk
15,17,0.47,0.18,2.51,4.98,0.26,0.73,0.79,4.47,4.98,4.98,0.19,0.18,0.18,0.18,0.18,1.79,0.18,0.18,0.18,0.18,0.55,2.32,0.27,0.18,0.18,left_walk
15,18,0.42,0.28,4.98,4.98,4.15,2.61,3.68,4.97,4.98,4.0,0.18,0.18,0.18,0.18,0.18,3.81,0.18,0.18,0.18,0.18,1.28,2.9,1.15,0.18,0.18,left_walk
15,19,0.35,3.1,4.98,4.98,4.98,3.18,3.74,4.98,4.98,3.74,0.58,4.86,4.94,4.93,1.09,4.02,4.91,4.82,4.82,0.18,0.53,1.89,3.1,0.18,0.18,left_walk
15,20,0.48,4.98,4.98,4.98,4.38,1.94,2.75,4.98,4.98,4.98,0.45,4.98,4.98,4.98,1.82,1.24,4.34,4.93,4.98,0.18,4.97,4.73,4.89,0.18,0.18,left_walk
16,1,1.0,0.46,0.49,0.49,0.4,0.34,0.5,0.5,0.5,0.38,0.57,0.53,0.52,0.52,0.38,0.51,0.32,0.48,0.19,0.19,2.95,5.0,5.0,5.0,4.8,forward
16,2,0.64,0.31,0.44,0.43,0.21,0.35,0.47,0.46,0.46,0.43,0.24,0.22,0.23,0.23,0.38,4.26,3.35,0.19,0.18,0.18,1.56,5.0,4.98,5.0,4.98,forward
16,3,0.78,0.38,0.42,0.42,0.43,0.41,0.46,0.44,0.44,0.43,0.24,0.24,0.45,0.45,0.43,4.91,2.66,1.25,0.19,0.4,4.98,5.0,4.98,4.83,1.06,forward
16,4,0.72,0.38,0.4,0.4,0.35,0.33,0.45,0.42,0.42,0.4,0.22,0.21,0.21,0.21,0.31,1.3,3.17,4.98,0.18,0.18,3.45,4.74,4.31,4.98,4.98,forward
16,5,0.64,0.32,0.36,0.36,0.32,0.3,0.4,0.38,0.38,0.36,0.22,0.21,0.22,0.23,0.38,3.81,2.94,2.14,0.18,0.19,4.55,4.98,4.68,4.98,4.98,forward
16,6,0.63,0.22,0.35,0.35,0.32,0.32,0.39,0.37,0.37,0.36,0.22,0.21,0.2,0.21,0.38,4.88,4.91,4.98,0.18,0.18,3.5,4.98,4.98,4.98,4.98,forward
16,7,1.71,0.28,0.32,0.32,0.27,0.4,0.36,0.34,0.34,0.34,0.23,0.21,0.21,0.22,0.29,4.3,3.46,0.72,0.18,0.19,4.5,4.98,4.98,4.78,4.89,forward
16,8,0.63,0.58,0.28,0.28,0.24,0.35,0.31,0.3,0.3,0.3,0.28,0.23,0.26,0.25,0.27,1.65,3.66,0.18,0.18,0.2,4.98,4.79,4.98,2.3,3.06,forward
16,9,0.72,0.4,0.23,0.23,0.22,0.45,0.27,0.25,0.25,0.26,0.29,0.26,0.26,0.23,0.25,1.86,3.66,0.25,0.18,0.18,4.98,4.98,4.98,1.16,3.32,forward
16,10,0.41,3.52,0.18,0.18,0.18,2.58,0.2,0.2,0.2,0.21,0.24,0.23,0.23,0.2,0.2,4.34,4.45,1.38,0.18,0.18,4.98,4.98,4.98,4.1,4.71,forward
16,11,0.47,1.59,4.98,4.98,0.43,4.88,0.18,0.18,0.18,0.18,0.2,0.19,0.19,0.19,0.19,2.41,0.19,0.18,0.18,0.18,4.98,4.56,4.98,2.26,2.1,forward
16,12,2.6,4.82,4.98,4.98,4.5,0.43,4.78,4.98,4.98,4.79,0.45,4.98,4.98,4.98,2.74,4.98,4.6,4.12,0.18,0.18,1.26,4.8,4.98,1.28,0.18,forward
16,13,4.98,4.98,4.98,4.98,4.82,1.25,4.98,4.98,4.98,0.43,1.58,4.98,4.98,4.98,0.41,0.73,4.6,4.98,3.06,0.18,4.96,2.47,4.7,2.51,0.18,left_walk
16,14,0.32,0.53,4.98,4.88,4.02,3.24,1.15,4.98,4.98,1.17,0.41,4.93,4.98,4.98,1.25,1.41,4.98,4.98,4.17,0.18,0.45,3.57,3.55,1.99,0.18,left_walk
16,15,0.33,1.81,4.98,4.98,1.43,4.19,2.62,4.98,4.98,4.98,0.36,4.98,4.98,4.98,0.76,1.11,4.98,4.98,2.4,0.3,2.5,4.91,4.98,0.44,0.81,left_walk
16,16,0.58,0.24,4.98,4.98,2.94,2.13,2.15,4.98,4.98,4.63,0.33,4.98,4.98,4.98,2.77,0.59,4.98,4.98,2.78,0.2,4.78,3.46,4.98,0.31,0.2,left_walk
16,17,0.34,0.32,4.98,4.98,3.8,3.7,3.27,4.98,4.98,4.56,0.37,4.98,4.98,4.5,1.75,1.24,4.98,4.98,3.77,0.18,2.69,0.69,3.07,0.31,1.91,left_walk
