epoch,mean_q_value,mean_expected_return
1,42.18184660781514,28.941045647317715
2,47.54007204012437,33.56919552340652
3,55.177357666420214,42.49352718844558
4,62.88874145710107,50.81539258812413
5,68.73127247347976,57.311042745908104
6,72.7068924181389,61.80956276980314
7,75.7788089911143,65.36990888190992
8,77.9824369242697,68.04680849566604
9,79.9800849683357,70.26927507284915
10,81.64993506489378,72.1534133679939
11,82.48555963689631,73.55665882428487
12,83.50677504683985,74.75180156303175
13,84.26601727803548,75.54714542446715
14,85.21365165710449,76.48242567524765
15,85.72856137246796,77.1388684980797
16,85.87125066554908,77.54116975899899
17,86.13295782696116,77.87441358421788
18,86.47962880857062,78.22885397708778
19,86.35075478842764,78.3323341066187
20,86.4554886745684,78.37128007050717
21,86.44117749098575,78.4504385066755
22,86.36811418966813,78.50727269143769
23,86.37130542234941,78.46478715087429
24,86.1652647003983,78.4121844624028
25,86.1953698866295,78.32939823468527
26,86.10640247662862,78.27811183351459
27,85.53144483855276,77.96313296664846
28,85.49400940085903,77.88193623224893
29,85.1712107297146,77.57422118475942
30,84.85235741644195,77.35277959794709
31,84.576301538583,77.08774147611676
32,84.70040715101993,77.02757730628504
33,84.20403570839852,76.78970351363674
34,83.90439553694291,76.52754021413398
35,83.94773038950834,76.41170454747748
36,83.58318350531839,76.08285893093456
37,83.6660915071314,76.04642138336644
38,83.19321433703105,75.8477499629512
39,83.59407750043002,75.8451034083511
40,83.44798203670616,75.91775644909252
41,83.28321359374307,75.71746168714581
42,83.06706168434836,75.58191642616734
43,83.34849191434456,75.61688099846695
44,83.35570992845479,75.73323369026184
45,83.53065743590847,75.77108105023702
46,83.66831103960673,75.83402935302618
47,83.74523527694471,75.94600388498017
48,84.03644988031098,76.20454329432863
49,84.33505123311824,76.37061061281146
50,84.66452703331456,76.6095756039475
51,85.1766075148727,76.87984509901567
52,85.29467579090235,77.15426289674008
53,86.12056222828951,77.61970617554404
54,86.749456615159,78.20559245167357
55,87.4640821688103,78.77462661627567
56,88.05826367753924,79.24658291267626
57,89.06883911652999,79.96862899173391
58,90.31016765218793,80.86478580128062
59,91.49841471151872,81.96336861812708
60,92.59542606093667,83.03632143772009
61,93.19420290715766,83.78635135563937
62,94.27631356499411,84.64931592796788
63,94.90006631070918,85.48551328254469
64,95.50704009605177,85.97791249101813
65,96.20915029988144,86.73517281358892
66,96.98581746130279,87.37638711929321
67,97.73531812610048,88.08796738133286
68,98.30941391713691,88.70061123009883
69,98.69769529862837,89.07305215344284
70,99.20349410085967,89.66621872150536
71,99.7715894019965,90.10197549155265
72,100.32336216984372,90.6038906357505
73,100.4955154837984,91.00165153994705
74,100.92388647975343,91.2941075816299
75,101.4833594452251,91.71949180689725
76,101.76991007544778,91.97328303799485
77,102.13790384205905,92.44103879639597
78,102.6329830198577,92.89033470731793
79,102.86536859743522,93.10832514907375
80,103.33464066187541,93.51282314820723
81,103.62735238942233,93.80062612620267
82,103.82891683867483,94.09919688195893
83,104.09256425770846,94.3038246125886
84,104.25704656225263,94.48348186232826
85,104.60247505794872,94.70977595358184
86,104.98892422878382,95.10933110208222
87,105.15984755573851,95.2790038874655
88,105.23641936706774,95.45129512295578
89,105.68876685518207,95.68619305437261
90,105.76818202481127,95.94533736055547
91,106.10483841462568,96.05847998098893
92,106.33572415872055,96.35291374090946
93,106.5138362754475,96.53962901144317
94,106.62301558436769,96.7312296592828
95,106.92911642970462,96.91918235836607
96,107.09668488213511,97.11439111016014
97,107.24852991826606,97.20220114245559
98,107.48361331043822,97.41746281132554
99,107.62048721313478,97.61990218451528
100,107.87191159797437,97.76339570681255
101,108.26068939584674,98.07698069196759
102,108.50500160997565,98.33672201994693
103,108.44419183153096,98.37500055631003
104,108.9154544021144,98.72197151184082
105,109.14215228774331,98.86563246900386
106,109.35128883882001,99.12593917413191
107,109.35194279208326,99.19776764782992
108,109.51184684580022,99.37299970424537
109,109.90814198147167,99.59450230453953
110,110.12714089769307,99.7820809393218
111,110.48611304976723,100.05646593642959
112,110.50475185567683,100.28151952859128
113,110.73901559367326,100.35155328837308
114,110.69203662149833,100.42713783004066
115,110.96438758301012,100.56182922738972
116,111.08942284728542,100.77606237295902
117,111.14746054013571,100.8470818490693
118,111.45276094927932,101.00983717224814
119,111.53530081113179,101.14331415205291
120,111.70430410992016,101.30878108920473
121,111.73313068621087,101.40840566519536
122,111.74731330438095,101.44348354050608
123,112.24235039768797,101.67276227112971
124,112.1046313011285,101.7119332154592
125,112.31978871605612,101.88635439583749
126,112.53570235136783,102.0062260916739
127,112.6171054984584,102.14381474437135
128,112.83565969178171,102.32730688470784
129,113.1146139087099,102.50320792198183
130,112.98972061186126,102.56727066907017
131,113.38309569792312,102.71505182439631
132,113.18458062229735,102.77951981082107
133,113.35301500378232,102.8840923309326
134,113.3511860442884,102.92937654437442
135,113.56673641638322,102.92858145453714
136,113.53491588072345,103.03432627157731
137,113.81230946743126,103.16054687355505
138,113.69849436210863,103.27785596703039
139,113.99309454542217,103.3714270591736
140,113.9933051846244,103.38287443825693
141,114.21584609783058,103.53733680465005
142,113.8950570785638,103.48581552505493
143,114.36280965805055,103.6815306634614
144,114.31990251396643,103.71199607849123
145,114.45992281942657,103.78138643322569
146,114.43596630385429,103.82616209261346
147,114.58545471682693,103.94238648992595
148,114.62649320111132,103.9748765483047
149,114.59894989476061,104.01806004119642
150,114.70643332510284,104.07542817520373
151,114.80718367027514,104.10235433867483
152,114.6028457627152,104.03574025992191
153,114.6629107359684,104.07257921767959
154,114.88014788338631,104.10725470745201
155,114.92033878962198,104.19657031695048
156,114.89936424024177,104.2153171337012
157,115.00980120716673,104.30337952845024
158,115.04655653780156,104.36187393737562
159,115.28966173981175,104.48594140283988
160,115.15968326366308,104.45425813848321
161,115.08344874237524,104.4192866484324
162,115.05882190935539,104.43957567214966
163,114.95838208632037,104.42020405422558
164,115.08093656915608,104.37945040789518
165,114.96041550780787,104.34366482676882
166,114.98832417256904,104.38254992167155
167,115.19836808695938,104.38188285538645
168,115.12332995732626,104.42541353630297
169,115.25237813140407,104.50142817063765
170,114.97043306177312,104.43052053451538
171,115.25075793266298,104.43275292714438
172,115.04402529109608,104.43125807877742
173,114.95767116546631,104.29851806525028
174,115.03321308078188,104.36829595854789
175,115.22282585953221,104.41519892576969
176,114.93138826254643,104.31446772633177
177,115.10108073552449,104.37690637328407
178,114.93799885114034,104.30366494438866
179,115.13525467930418,104.35321966807048
180,114.9524773612167,104.3515397201885
181,114.86698114510739,104.25714207418038
182,114.89758542089751,104.15355498140508
183,114.70614050373887,104.099628275091
184,114.56209356134588,103.9811877409617
185,114.59712422255315,103.97862969022809
186,114.69669887513825,103.98563182715215
187,114.3684127475276,103.85316523638639
188,114.47678818847193,103.84363467043096
189,114.33846600127944,103.7445107012084
190,114.25191369923678,103.7136322440523
191,114.31673302794947,103.65918603810398
192,114.15289886070022,103.57849406473565
193,114.24095749855042,103.59557617794384
194,114.26815816850373,103.5945381901481
195,113.82479869958127,103.4553994554462
196,113.90907847520077,103.36541334788005
197,113.74254526513997,103.23873996734618
198,113.77478552587104,103.15061637849519
199,113.47322673508616,103.02432811621465
200,113.51728106990005,102.91319175200029
201,113.31167235518946,102.874110250762
202,113.32549673138243,102.85721392342539
203,113.2942795753479,102.76310675071947
204,113.03522359241138,102.68226367054562
205,113.023955858115,102.52220829327901
206,112.90615681445959,102.50192523002623
207,112.72249196514939,102.28590018821487
208,112.76924938866586,102.29545098362547
209,112.53823869156115,102.12308786132118
210,112.32562621434529,102.02265035022388
211,112.48070821617588,101.93105419476827
212,112.24575714631516,101.83418974731909
213,112.3132836818695,101.83003002947027
214,112.02756260380599,101.69085289492752
215,112.07833156441198,101.67130629221599
216,111.76108645670342,101.53738867152822
217,111.64387034647392,101.31143598845512
218,111.49912718570593,101.22889937776507
219,111.62255919340885,101.16288672793996
220,111.4456661903497,101.1299723928625
221,111.34591507189202,101.02955467773207
222,111.33739326939438,100.95589330702117
223,111.10841863083117,100.81548286206794
224,111.03049816507283,100.80292376604947
225,110.8800340421272,100.62692338770086
226,110.67082907214309,100.4626295783303
227,110.74874910441312,100.42839310385965
228,110.59538848472363,100.31238848512822
229,110.47413215492712,100.23587971022634
230,110.27072335734512,100.03713398268728
231,110.08834437890486,99.88143552433361
232,110.19023808566007,99.85118707021078
233,110.17815181703278,99.88962028965805
234,110.0854993950237,99.79534633231886
235,110.0779201406421,99.82043504714966
236,109.90795702645273,99.7252041643316
237,109.77511120565009,99.56454652728456
238,109.67044414895955,99.51887466690758
239,109.6054598418149,99.38674493269487
240,109.46714296485438,99.30301200259815
241,109.35567100842793,99.1761927171187
242,109.51643206856467,99.30081981601137
243,109.24560716657928,99.08006689765236
244,109.14718570131244,99.0053593751156
245,109.25577488812533,99.05738436814511
246,108.99813446131618,98.96401340311223
247,109.07226071213232,98.85068900657423
248,108.9780293450211,98.83737936164394
249,108.57392838506988,98.64141601504701
250,108.55243209636573,98.46559047698975
